DATE,ACMY01,ACMY02,ACMY03,ACMY04,ACMY05,ACMY06,ACMY07,ACMY08,ACMY09,ACMY10,ACMTP01,ACMTP02,ACMTP03,ACMTP04,ACMTP05,ACMTP06,ACMTP07,ACMTP08,ACMTP09,ACMTP10,ACMRNY01,ACMRNY02,ACMRNY03,ACMRNY04,ACMRNY05,ACMRNY06,ACMRNY07,ACMRNY08,ACMRNY09,ACMRNY10
30-Jun-1961,2.897856876,3.268825,3.49405653,3.629022596,3.711970056,3.765556283,3.802492245,3.829656233,3.850626928,3.867155007,-0.077786969,-0.016047128,0.051901512,0.09928275,0.128490151,0.146239547,0.157719169,0.165993026,0.172550346,0.177904044,2.975643845,3.284872128,3.442155017,3.529739847,3.583479905,3.619316736,3.644773076,3.663663207,3.678076582,3.689250962
31-Jul-1961,2.761946181,3.222028858,3.502740053,3.676854493,3.789234081,3.86587194,3.921378525,3.96380909,3.997521616,4.02481063,0.017610494,0.124721902,0.221782328,0.28943916,0.33363144,0.362932634,0.383570438,0.39923598,0.411826477,0.422138621,2.744335687,3.097306956,3.280957725,3.387415333,3.455602641,3.502939305,3.537808087,3.56457311,3.585695138,3.602672009
31-Aug-1961,2.983432016,3.388104709,3.637788284,3.789106175,3.882814335,3.94354418,3.985314415,4.015824796,4.039164283,4.057403077,-0.047313871,0.043030485,0.132574063,0.195303821,0.235425388,0.261180111,0.278788269,0.291961969,0.302588773,0.311427419,3.030745887,3.345074224,3.505214221,3.593802354,3.647388947,3.682364069,3.706526145,3.723862827,3.73657551,3.745975658
29-Sep-1961,2.923124007,3.316874549,3.536764327,3.66459337,3.743325389,3.79548281,3.832843322,3.8614907,3.884472677,3.903217381,-0.012439142,0.050505845,0.106643704,0.143993551,0.167371951,0.182660515,0.193839502,0.20305159,0.211189567,0.218407002,2.935563149,3.266368703,3.430120622,3.520599819,3.575953439,3.612822295,3.63900382,3.65843911,3.673283109,3.684810379
31-Oct-1961,2.876352381,3.231400479,3.460185543,3.608142467,3.707274342,3.777364475,3.829901016,3.871307047,3.905057853,3.932957319,-0.0373687,0.031294226,0.110561762,0.171557765,0.214649029,0.245505547,0.268870599,0.287681741,0.303459232,0.316818316,2.913721081,3.200106253,3.349623781,3.436584703,3.492625314,3.531858928,3.561030416,3.583625306,3.601598622,3.616139003
30-Nov-1961,2.971004891,3.28548108,3.531249099,3.688773162,3.781812799,3.834594478,3.863850646,3.879700452,3.88782733,3.891222733,-0.212149773,-0.1747863,-0.071622236,0.009072902,0.057411075,0.082273437,0.093136737,0.096469783,0.095982215,0.093514311,3.183154663,3.46026738,3.602871335,3.67970026,3.724401724,3.752321041,3.770713909,3.783230669,3.791845115,3.797708422
29-Dec-1961,3.103307688,3.40223162,3.640256685,3.782575834,3.853824057,3.881581932,3.88518841,3.876307211,3.86139374,3.843740903,-0.301283182,-0.293818088,-0.197473564,-0.124101991,-0.087353518,-0.076938235,-0.081522784,-0.09334817,-0.107986757,-0.123273142,3.40459087,3.696049708,3.837730249,3.906677825,3.941177575,3.958520167,3.966711194,3.969655382,3.969380497,3.967014045
31-Jan-1962,3.166508851,3.560364446,3.764167826,3.872784091,3.933075795,3.968648398,3.991431413,4.007362776,4.019266172,4.02834301,-0.000687292,0.055833581,0.102311201,0.130454011,0.146090377,0.155199045,0.161593549,0.16719917,0.172703627,0.178082805,3.167196143,3.504530865,3.661856624,3.74233008,3.786985418,3.813449353,3.829837864,3.840163606,3.846562544,3.850260205
28-Feb-1962,3.057738762,3.33587437,3.512214545,3.624963223,3.700109467,3.753396381,3.79377503,3.826099773,3.852867572,3.875259448,-0.075631431,-0.043288504,0.009826879,0.054003673,0.086830641,0.111628094,0.131554426,0.148554985,0.163542345,0.176758807,3.133370193,3.379162874,3.502387667,3.57095955,3.613278826,3.641768288,3.662220604,3.677544788,3.689325227,3.698500642
30-Mar-1962,2.877233133,3.151381625,3.350072544,3.490579,3.59236754,3.669439548,3.730551532,3.780825507,3.823128443,3.858999376,-0.071497965,-0.021654096,0.053828021,0.118829598,0.169288474,0.208564143,0.240268459,0.266825506,0.289558372,0.309043364,2.948731098,3.173035721,3.296244523,3.371749402,3.423079067,3.460875405,3.490283073,3.514000001,3.533570071,3.549956012
30-Apr-1962,2.920580473,3.236068226,3.414542869,3.520219124,3.586924026,3.632528914,3.66638114,3.693253697,3.715465294,3.734027264,-0.060544547,-0.036447803,-0.001764902,0.02410571,0.041380665,0.05342144,0.062857577,0.071109819,0.078684622,0.085529193,2.98112502,3.272516029,3.416307772,3.496113414,3.545543362,3.579107474,3.603523562,3.622143878,3.636780672,3.648498071
31-May-1962,2.85262945,3.133033623,3.340685973,3.49030168,3.600492339,3.685033414,3.752685725,3.808654267,3.855909269,3.896091086,-0.05813891,0.002158009,0.086178783,0.158390316,0.214988193,0.259500571,0.295671768,0.326037481,0.352016912,0.374269403,2.91076836,3.130875613,3.254507191,3.331911364,3.385504146,3.425532843,3.457013957,3.482616786,3.503892357,3.521821684
29-Jun-1962,3.044810323,3.295287779,3.503777503,3.650500723,3.75035589,3.819590637,3.869657922,3.907588816,3.937397571,3.96124682,-0.16120342,-0.112613593,-0.015075889,0.067281614,0.126351488,0.167663409,0.197499953,0.22022334,0.238355458,0.253152221,3.206013743,3.407901372,3.518853392,3.583219109,3.624004402,3.651927228,3.67215797,3.687365475,3.699042113,3.7080946
31-Jul-1962,3.115029044,3.388570817,3.577354481,3.705829824,3.795897548,3.862308677,3.913969058,3.955941966,3.990971833,4.02046463,-0.059167768,-0.006232208,0.068240947,0.131308052,0.180035494,0.218108834,0.24918076,0.275621337,0.298673646,0.318832768,3.174196812,3.394803025,3.509113535,3.574521773,3.615862054,3.644199843,3.664788298,3.680320629,3.692298187,3.701631861
31-Aug-1962,2.961946517,3.130550134,3.338573453,3.511261932,3.643691284,3.74515596,3.824839846,3.889222095,3.942387477,3.986778613,-0.184200497,-0.12882711,-0.001537936,0.114839635,0.205508604,0.27433278,0.327584498,0.370078374,0.404863688,0.433684037,3.146147014,3.259377243,3.340111389,3.396422297,3.438182679,3.47082318,3.497255348,3.51914372,3.537523789,3.553094575
28-Sep-1962,2.84301728,3.064431826,3.299842902,3.487643798,3.628898588,3.735784423,3.818949545,3.885656064,3.940427618,3.985963466,-0.157684631,-0.085371952,0.049546854,0.168577962,0.259402867,0.327163009,0.378783473,0.419414416,0.452278262,0.479207233,3.00070191,3.149803779,3.250296048,3.319065836,3.369495721,3.408621414,3.440166072,3.466241648,3.488149355,3.506756234
31-Oct-1962,2.820669914,3.09034841,3.315971374,3.487535128,3.617298898,3.718050027,3.79893168,3.865746501,3.921987321,3.96969885,-0.066758429,0.009784367,0.118566288,0.21307603,0.287364479,0.345497461,0.392185239,0.430781968,0.463304606,0.490832988,2.887428343,3.080564043,3.197405086,3.274459098,3.329934419,3.372552566,3.406746441,3.434964533,3.458682716,3.478865862
30-Nov-1962,2.94912254,3.143524532,3.330512059,3.481172889,3.599096353,3.69287557,3.769520455,3.833696443,3.888263588,3.934900871,-0.107693848,-0.057288733,0.039157964,0.128791577,0.201995692,0.260920773,0.309289166,0.349944351,0.384639262,0.41431882,3.056816388,3.200813265,3.291354095,3.352381313,3.397100661,3.431954797,3.460231289,3.483752092,3.503624326,3.520582051
31-Dec-1962,3.008666939,3.16849311,3.307173364,3.425879244,3.528369669,3.617995832,3.697154882,3.767408468,3.829724505,3.884687287,-0.045224284,-0.008797494,0.05305439,0.117728805,0.178757068,0.234768901,0.28577239,0.331986402,0.373539053,0.410436795,3.053891223,3.177290604,3.254118974,3.308150439,3.349612601,3.383226931,3.411382491,3.435422067,3.456185453,3.474250492
31-Jan-1963,2.873868839,3.145953633,3.374090028,3.533945053,3.641669612,3.7152992,3.767631015,3.806566639,3.836653843,3.860375127,-0.183297798,-0.13196067,-0.028509928,0.056966635,0.116118426,0.155435447,0.18209262,0.201061573,0.215236398,0.226086794,3.057166638,3.277914303,3.402599956,3.476978418,3.525551186,3.559863753,3.585538395,3.605505066,3.621417444,3.634288332
28-Feb-1963,2.808251244,3.159161464,3.398582599,3.560967035,3.674545002,3.757892203,3.822207732,3.873949184,3.916730891,3.952518943,-0.02946063,0.050645403,0.142886861,0.216074064,0.269843228,0.309806432,0.340856641,0.3661245,0.387315246,0.405207384,2.837711875,3.108516061,3.255695739,3.344892971,3.404701775,3.44808577,3.481351091,3.507824684,3.529415644,3.547311559
29-Mar-1963,2.953872832,3.205317452,3.413424811,3.568965634,3.684466122,3.772697776,3.842662739,3.899979978,3.947955406,3.988460673,-0.085433155,-0.022074927,0.076998668,0.163675584,0.231439655,0.284120089,0.326282429,0.361160851,0.390662249,0.415765146,3.039305986,3.227392379,3.336426143,3.40529005,3.453026468,3.488577687,3.51638031,3.538819127,3.557293157,3.572695527
30-Apr-1963,2.944779151,3.203935588,3.420771866,3.576467976,3.685340011,3.763155491,3.82111867,3.866174958,3.902344869,3.931842315,-0.143150767,-0.089154129,0.011784103,0.097503406,0.160040964,0.204718254,0.237638245,0.263069501,0.283506944,0.300219434,3.087929918,3.293089717,3.408987764,3.47896457,3.525299047,3.558437236,3.583480425,3.603105458,3.618837925,3.631622881
31-May-1963,3.019006367,3.268622551,3.479687949,3.628720472,3.730062581,3.800107996,3.850538237,3.888561408,3.918308303,3.942013488,-0.170728417,-0.122710759,-0.02343968,0.060333987,0.120070221,0.16145113,0.190978246,0.213180676,0.230688408,0.244822545,3.189734784,3.39133331,3.50312763,3.568386485,3.60999236,3.638656866,3.659559991,3.675380732,3.687619895,3.697190944
28-Jun-1963,3.000982391,3.285585253,3.516176573,3.674990803,3.780615467,3.851948929,3.902082794,3.939007467,3.96728521,3.989386931,-0.162989488,-0.100107002,0.00826826,0.09636409,0.157435255,0.198501958,0.226895671,0.247620676,0.263565447,0.276184498,3.163971879,3.385692255,3.507908312,3.578626713,3.623180212,3.653446971,3.675187123,3.691386791,3.703719762,3.713202433
31-Jul-1963,3.266112961,3.515663293,3.678989002,3.77836382,3.838719554,3.876783885,3.902391571,3.92090582,3.93504347,3.946030599,-0.147586057,-0.119106765,-0.063344858,-0.018629149,0.012090282,0.033195763,0.048831775,0.061574065,0.072672173,0.082516328,3.413699018,3.634770058,3.74233386,3.796992968,3.826629272,3.843588123,3.853559796,3.859331755,3.862371297,3.863514272
30-Aug-1963,3.402723396,3.594659849,3.725824974,3.813489513,3.87394571,3.918200372,3.952773308,3.981210722,4.005274429,4.025715791,-0.100320306,-0.084549208,-0.036433552,0.009375344,0.047163167,0.078434599,0.105391522,0.129484748,0.151377149,0.171191184,3.503043702,3.679209057,3.762258526,3.804114169,3.826782543,3.839765773,3.847381786,3.851725974,3.85389728,3.854524608
30-Sep-1963,3.390665753,3.575221408,3.721288342,3.822950841,3.892638456,3.942057999,3.979053405,4.008227709,4.032048328,4.05170673,-0.138966233,-0.117696797,-0.051786999,0.008892137,0.056253071,0.09288979,0.122445692,0.14746304,0.169317303,0.18856892,3.529631987,3.692918204,3.773075341,3.814058705,3.836385385,3.849168208,3.856607713,3.860764669,3.862731025,3.86313781
31-Oct-1963,3.481538877,3.652560434,3.779489812,3.869930138,3.935915521,3.986540414,4.027467803,4.061875753,4.09138836,4.116728153,-0.091226345,-0.068292418,-0.01179725,0.04308216,0.089891039,0.129691362,0.164481497,0.195651456,0.223879006,0.24933765,3.572765221,3.720852852,3.791287062,3.826847978,3.846024482,3.856849051,3.862986307,3.866224298,3.867509354,3.867390503
29-Nov-1963,3.548933495,3.69607214,3.816067403,3.894006305,3.941787154,3.97132195,3.990539385,4.003970143,4.013918656,4.021377421,-0.214326239,-0.210679916,-0.156696567,-0.106828604,-0.069668808,-0.042426521,-0.021267181,-0.003576627,0.0119975,0.025937895,3.763259734,3.906752057,3.97276397,4.000834909,4.011455962,4.013748471,4.011806566,4.00754677,4.001921157,3.995439526
31-Dec-1963,3.627036231,3.803661954,3.912519956,3.975004042,4.011110531,4.033211194,4.048132314,4.059317317,4.068287557,4.075524966,-0.15128144,-0.141596722,-0.104706221,-0.071367963,-0.045218902,-0.024078967,-0.005640301,0.011441977,0.027656023,0.042937827,3.778317671,3.945258676,4.017226177,4.046372005,4.056329433,4.057290161,4.053772614,4.047875339,4.040631534,4.032587138
31-Jan-1964,3.518505776,3.750457928,3.888372365,3.96758864,4.014088494,4.043073707,4.062805607,4.077502975,4.089131116,4.098439724,-0.115733557,-0.086553771,-0.040236422,-0.002637795,0.025171035,0.046643951,0.064729573,0.081104208,0.096432621,0.11074748,3.634239333,3.837011699,3.928608787,3.970226436,3.988917459,3.996429756,3.998076035,3.996398768,3.992698495,3.987692244
28-Feb-1964,3.586736191,3.914477513,4.015209522,4.041231712,4.052159891,4.064506303,4.080970116,4.100497403,4.121361442,4.141992028,-0.070139758,0.06448131,0.069257745,0.050186852,0.040317046,0.04400573,0.058305323,0.079400995,0.104125338,0.130099585,3.656875949,3.849996203,3.945951777,3.99104486,4.011842845,4.020500573,4.022664793,4.021096409,4.017236103,4.011892444
31-Mar-1964,3.684881124,4.015431157,4.104741602,4.124535953,4.132565296,4.143660253,4.159663981,4.179112452,4.200079393,4.220894324,0.058900253,0.154742246,0.141905745,0.116217953,0.10432568,0.107885015,0.12281954,0.144832005,0.170544313,0.197485359,3.62598087,3.860688911,3.962835857,4.008318,4.028239616,4.035775239,4.036844441,4.034280447,4.02953508,4.023408965
30-Apr-1964,3.598990515,3.849863577,3.984065698,4.058057894,4.1014374,4.129326265,4.149307198,4.165020416,4.178044969,4.188896225,-0.05195098,-0.019306141,0.020544951,0.052853182,0.078305273,0.099746008,0.11925064,0.137833389,0.155733674,0.172730835,3.650941495,3.869169718,3.963520747,4.005204713,4.023132128,4.029580257,4.030056558,4.027187026,4.022311295,4.01616539
28-May-1964,3.604941742,3.835568951,3.94781053,4.006804614,4.041205522,4.064158092,4.081698853,4.096454414,4.109379186,4.120612834,-0.035854329,-0.022354295,-0.00076882,0.019019476,0.036932892,0.054188594,0.071557428,0.089194399,0.106813784,0.123884879,3.64079607,3.857923246,3.94857935,3.987785139,4.004272629,4.009969498,4.010141425,4.007260015,4.002565402,3.996727955
30-Jun-1964,3.53458291,3.769295099,3.888072854,3.952397607,3.990585972,4.016131165,4.035446516,4.051437432,4.065244071,4.077125767,-0.045476358,-0.031835986,-0.007755683,0.013888758,0.032596279,0.049822009,0.066632754,0.083405491,0.099999488,0.115973587,3.580059267,3.801131086,3.895828537,3.938508849,3.957989694,3.966309156,3.968813763,3.968031941,3.965244582,3.96115218
31-Jul-1964,3.492443231,3.663286668,3.798360096,3.900671301,3.979634188,4.04299308,4.095788587,4.140965266,4.180110526,4.214003416,-0.06184248,-0.020978,0.049063936,0.116309928,0.174765535,0.225364325,0.269967619,0.309919308,0.345925438,0.3782308,3.554285711,3.684264667,3.74929616,3.784361373,3.804868653,3.817628755,3.825820968,3.831045958,3.834185087,3.835772616
31-Aug-1964,3.607530789,3.756312756,3.870355928,3.953674083,4.015899808,4.064676063,4.10482463,4.13904335,4.168682998,4.194310386,-0.087746243,-0.065738654,-0.009538516,0.046653677,0.095958458,0.138898818,0.177088062,0.211683554,0.243235075,0.271852002,3.695277033,3.82205141,3.879894443,3.907020407,3.91994135,3.925777245,3.927736568,3.927359796,3.925447923,3.922458384
30-Sep-1964,3.650899052,3.816747945,3.916921304,3.977649144,4.016297052,4.043083664,4.06354334,4.080415886,4.094865003,4.107207658,-0.10109059,-0.09982597,-0.068015435,-0.035104715,-0.006413576,0.01876446,0.041795474,0.063494107,0.084077428,0.103360311,3.751989643,3.916573915,3.984936739,4.012753859,4.022710629,4.024319204,4.021747866,4.016921779,4.010787575,4.003847347
30-Oct-1964,3.678909699,3.825020548,3.918080233,3.976377181,4.014388105,4.041239198,4.062033787,4.079334102,4.09422812,4.107000197,-0.113455662,-0.116794777,-0.084890204,-0.050416408,-0.01989394,0.007011089,0.031574757,0.054610034,0.076355985,0.096652815,3.792365362,3.941815325,4.002970437,4.026793589,4.034282045,4.03422811,4.03045903,4.024724069,4.017872134,4.010347382
30-Nov-1964,3.931181396,4.000704936,4.048350131,4.075267362,4.089871616,4.09841903,4.104448347,4.109577966,4.114279995,4.118411998,-0.181789675,-0.210686099,-0.193609026,-0.16843818,-0.144045491,-0.121276385,-0.099493882,-0.078264457,-0.057595172,-0.037817663,4.112971071,4.211391035,4.241959157,4.243705541,4.233917107,4.219695414,4.203942228,4.187842423,4.171875167,4.156229661
31-Dec-1964,3.760390316,3.880457337,3.977274289,4.037682587,4.072999917,4.093768598,4.106737231,4.115604319,4.122124732,4.126934274,-0.220705345,-0.216210834,-0.167679154,-0.122089806,-0.086692719,-0.059176546,-0.036406515,-0.016312914,0.002093511,0.019067139,3.981095661,4.096668172,4.144953443,4.159772393,4.159692635,4.152945144,4.143143747,4.131917233,4.12003122,4.107867135
29-Jan-1965,3.802084333,3.862754227,3.918045736,3.970836935,4.021516142,4.069890372,4.115625423,4.15833303,4.197604961,4.233041674,-0.062422254,-0.057264462,-0.022474221,0.023623156,0.073404642,0.123526141,0.172373348,0.219013036,0.262783387,0.303146821,3.864506587,3.920018689,3.940519957,3.947213778,3.9481115,3.946364231,3.943252075,3.939319994,3.934821574,3.929894854
26-Feb-1965,3.915020768,3.959617656,3.999532071,4.03693406,4.072750739,4.107281144,4.140435698,4.171880806,4.201153869,4.227749287,-0.090407585,-0.101184821,-0.076358508,-0.038618968,0.003446932,0.046465666,0.088928049,0.129955867,0.168879082,0.20511034,4.005428353,4.060802476,4.075890579,4.075553027,4.069303807,4.060815478,4.051507649,4.04192494,4.032274787,4.022638947
31-Mar-1965,3.826740215,3.934941386,4.015459503,4.067911476,4.101665164,4.124608512,4.141652746,4.15539786,4.16698528,4.17672668,-0.147666361,-0.156859677,-0.120134607,-0.079697267,-0.044431312,-0.01410171,0.012937767,0.037850052,0.06111739,0.082731165,3.974406576,4.091801063,4.13559411,4.147608744,4.146096476,4.138710222,4.128714979,4.117547808,4.10586789,4.093995514
30-Apr-1965,3.822441741,3.919303493,3.997561335,4.048467626,4.080060554,4.100333046,4.114491815,4.125360454,4.134210756,4.141417617,-0.178396873,-0.192556893,-0.155610666,-0.114997801,-0.080508678,-0.051695967,-0.026564407,-0.003690166,0.017567553,0.037284927,4.000838614,4.111860386,4.153172001,4.163465426,4.160569232,4.152029013,4.141056222,4.129050621,4.116643203,4.10413269
28-May-1965,3.847481135,3.916368808,3.996805958,4.053112794,4.08803879,4.109343587,4.122949446,4.132349611,4.139276069,4.144386445,-0.239308921,-0.253572887,-0.20398124,-0.152248396,-0.110619395,-0.077925855,-0.051053903,-0.027713263,-0.006696063,0.012419808,4.086790056,4.169941695,4.200787198,4.20536119,4.198658186,4.187269442,4.174003349,4.160062874,4.145972132,4.131966637
30-Jun-1965,3.754352114,3.841189733,3.942692428,4.016433413,4.064494897,4.095518929,4.116390453,4.131335758,4.142593613,4.151163228,-0.233128573,-0.23723007,-0.174139121,-0.111559598,-0.062435043,-0.024870057,0.00506027,0.030254792,0.052330947,0.071977553,3.987480687,4.078419803,4.116831549,4.127993011,4.12692994,4.120388987,4.111330183,4.101080966,4.090262666,4.079185675
30-Jul-1965,3.795495477,3.906889805,4.001261624,4.063942861,4.103248753,4.128368686,4.145519151,4.15821272,4.168159835,4.17600836,-0.184197526,-0.186793931,-0.13759731,-0.088149939,-0.048111964,-0.016066563,0.010828236,0.034575484,0.056180109,0.075939591,3.979693003,4.093683736,4.138858934,4.1520928,4.151360716,4.144435249,4.134690915,4.123637236,4.111979725,4.100068768
31-Aug-1965,3.922718112,4.01823166,4.093231571,4.13937182,4.166088413,4.181886994,4.192093174,4.199512304,4.205358722,4.209944627,-0.192524764,-0.197838662,-0.1582698,-0.117298281,-0.082976105,-0.054289292,-0.029092691,-0.005949638,0.015753128,0.036056161,4.115242876,4.216070322,4.251501371,4.256670101,4.249064518,4.236176286,4.221185865,4.205461942,4.189605594,4.173888466
30-Sep-1965,4.145654484,4.172308074,4.195757552,4.220143821,4.245992113,4.27283747,4.299951013,4.326541098,4.351830035,4.375095516,-0.080268688,-0.090445846,-0.067282489,-0.03031992,0.012246698,0.056754439,0.101352268,0.144901968,0.186557379,0.225616225,4.225923172,4.262753921,4.263040041,4.250463741,4.233745415,4.216083031,4.198598745,4.18163913,4.165272656,4.149479292
29-Oct-1965,4.112722564,4.159953085,4.231993405,4.285956593,4.321028943,4.343448951,4.358487549,4.369355937,4.377665735,4.384027428,-0.211939407,-0.216011661,-0.15494515,-0.09159561,-0.038949911,0.003930986,0.040139473,0.072016236,0.100839695,0.12710395,4.324661971,4.375964746,4.386938555,4.377552203,4.359978854,4.339517965,4.318348076,4.297339701,4.27682604,4.256923478
30-Nov-1965,4.218107064,4.261715056,4.3272481,4.372693516,4.399390462,4.414295256,4.422793379,4.42801721,4.431455023,4.433597175,-0.241269184,-0.236498748,-0.175157628,-0.114270863,-0.064354913,-0.023755657,0.010743319,0.041432914,0.069503705,0.095364448,4.459376247,4.498213804,4.502405728,4.486964379,4.463745375,4.438050913,4.41205006,4.386584296,4.361951319,4.338232727
31-Dec-1965,4.716045149,4.745994208,4.758487155,4.76113856,4.760797806,4.760733955,4.762088176,4.764881424,4.768593053,4.772481622,-0.106231563,-0.096640239,-0.062804731,-0.022799509,0.018631303,0.060309089,0.101824955,0.14277062,0.182608525,0.22071479,4.822276713,4.842634447,4.821291886,4.783938069,4.742166503,4.700424866,4.660263222,4.622110804,4.585984528,4.551766831
31-Jan-1966,4.672376462,4.759706752,4.796275485,4.810764816,4.817183545,4.821505485,4.82598391,4.831144494,4.836722549,4.842121512,-0.051693329,-0.022444574,0.017534536,0.059131518,0.100805517,0.142405239,0.183817099,0.224698568,0.264512996,0.302623616,4.724069792,4.782151325,4.778740949,4.751633298,4.716378027,4.679100247,4.642166811,4.606445926,4.572209553,4.539497897
28-Feb-1966,4.652016298,4.891737035,4.966032543,4.982698415,4.988570112,4.996684026,5.008968541,5.024312071,5.041068817,5.057742006,-0.052289413,0.129961041,0.188719526,0.218308504,0.249919858,0.289037995,0.334167258,0.382632843,0.432059898,0.480604346,4.704305711,4.761775994,4.777313017,4.764389911,4.738650254,4.707646031,4.674801282,4.641679228,4.609008919,4.57713766
31-Mar-1966,4.567131274,4.712598597,4.749810434,4.754270616,4.754287971,4.757389433,4.764400643,4.77427829,4.785630569,4.797157378,-0.028408363,0.043985385,0.071051035,0.092569343,0.120115048,0.154286174,0.193065694,0.23425273,0.2759985,0.316838507,4.595539636,4.668613212,4.678759399,4.661701273,4.634172923,4.603103259,4.571334949,4.54002556,4.509632069,4.480318871
29-Apr-1966,4.676981842,4.768296524,4.79425691,4.79893237,4.799535698,4.801433939,4.80571176,4.811962733,4.819307336,4.82677449,-0.039784214,-0.004075573,0.02615311,0.05815759,0.093936638,0.132888217,0.173805411,0.215451688,0.256695768,0.296537493,4.716766055,4.772372097,4.7681038,4.740774779,4.70559906,4.668545722,4.631906349,4.596511046,4.562611568,4.530236996
31-May-1966,4.924625809,4.887221873,4.887060628,4.893013696,4.895492666,4.894718618,4.892481193,4.88997211,4.887588405,4.885177775,-0.062625792,-0.118446386,-0.081612605,-0.024797232,0.030394402,0.080369326,0.125887183,0.168066568,0.207529927,0.244411613,4.987251601,5.005668258,4.968673232,4.917810929,4.865098264,4.814349293,4.76659401,4.721905542,4.680058479,4.640766162
30-Jun-1966,4.910008871,4.987334135,5.014410969,5.024159226,5.028112653,5.030967628,5.034437264,5.038819982,5.043750133,5.048582239,0.020251099,0.040062372,0.080538682,0.126888297,0.17445312,0.221982539,0.269020536,0.315142769,0.359815233,0.402428,4.889757772,4.947271763,4.933872287,4.897270928,4.853659534,4.808985089,4.765416727,4.723677213,4.6839349,4.64615424
29-Jul-1966,5.020632664,5.109369772,5.154217711,5.176049811,5.187238185,5.194155953,5.199749712,5.205099823,5.210314852,5.215033394,-0.00983599,0.044242211,0.109755032,0.172831827,0.231642468,0.287031546,0.339867655,0.390519361,0.438919167,0.484731773,5.030468654,5.06512756,5.044462679,5.003217984,4.955595717,4.907124407,4.859882057,4.814580462,4.771395685,4.730301621
31-Aug-1966,5.482528289,5.592949407,5.617713955,5.614375604,5.609626306,5.610025863,5.61561543,5.624803171,5.635848804,5.647242704,-0.027012139,0.134514435,0.215147584,0.275806816,0.3365741,0.4008593,0.467557792,0.534790536,0.600861019,0.664414669,5.509540428,5.458434972,5.402566371,5.338568788,5.273052205,5.209166564,5.148057638,5.090012635,5.034987785,4.982828035
30-Sep-1966,5.287037351,5.29211348,5.289851858,5.28224435,5.275848031,5.272763224,5.272998273,5.275762748,5.280019176,5.284715451,-0.101295585,-0.036654387,0.024883907,0.08448517,0.143757037,0.202882413,0.261467912,0.318885502,0.374420935,0.427355506,5.388332936,5.328767867,5.264967951,5.197759179,5.132090994,5.069880811,5.011530361,4.956877246,4.905598241,4.857359945
31-Oct-1966,5.229427094,5.178724879,5.165860606,5.159755362,5.154763876,5.150736548,5.148108279,5.146895285,5.146691981,5.146849021,-0.122010874,-0.114401718,-0.059226556,0.004634898,0.066679391,0.125288491,0.180824578,0.233682694,0.28392241,0.331322331,5.351437968,5.293126597,5.225087162,5.155120464,5.088084485,5.025448057,4.9672837,4.913212591,4.862769571,4.81552669
30-Nov-1966,5.229750322,5.217126579,5.224360122,5.228926658,5.230060026,5.229835772,5.229730235,5.230279191,5.231355603,5.232470051,-0.106615502,-0.073802446,-0.006693928,0.063092998,0.128475335,0.189250834,0.246380018,0.300522617,0.351862258,0.400239432,5.336365825,5.290929025,5.23105405,5.165833659,5.101584691,5.040584938,4.983350217,4.929756574,4.879493345,4.832230619
30-Dec-1966,4.741706994,4.734290506,4.730143846,4.723330277,4.717469762,4.714217653,4.713773247,4.715597565,4.718836533,4.722549332,-0.167375687,-0.157187995,-0.125153086,-0.086823889,-0.046162723,-0.004480265,0.03753659,0.079256011,0.119993645,0.159037471,4.909082681,4.891478501,4.855296932,4.810154166,4.763632485,4.718697918,4.676236657,4.636341554,4.598842887,4.563511861
31-Jan-1967,4.404655788,4.464211883,4.517017781,4.549072078,4.566752982,4.576619888,4.58280043,4.587376378,4.591125396,4.594093471,-0.168196358,-0.154627983,-0.102507064,-0.049899157,-0.003777293,0.036781459,0.073659264,0.108090874,0.140571838,0.171087755,4.572852146,4.618839867,4.619524845,4.598971235,4.570530275,4.539838429,4.509141166,4.479285504,4.450553558,4.423005717
28-Feb-1967,4.436592317,4.608984093,4.65885377,4.665574567,4.66599634,4.670085616,4.678911548,4.691154622,4.70512897,4.719327607,-0.134092703,-0.00400547,0.034933586,0.054412564,0.078079877,0.109489951,0.1468733,0.187670198,0.229653349,0.271081028,4.57068502,4.612989563,4.623920185,4.611162003,4.587916463,4.560595665,4.532038248,4.503484424,4.475475622,4.448246579
31-Mar-1967,3.970969029,4.093232852,4.210063296,4.288698661,4.337003793,4.366267134,4.384575744,4.396711102,4.405169867,4.411067766,-0.208627962,-0.178179442,-0.097436695,-0.02504963,0.030420932,0.072767282,0.106744578,0.135621655,0.16118139,0.184184483,4.179596991,4.271412294,4.30749999,4.313748291,4.306582861,4.293499853,4.277831166,4.261089447,4.243988477,4.226883283
28-Apr-1967,3.970720026,4.210022214,4.398444353,4.524242304,4.60511965,4.657836376,4.693660974,4.719287763,4.738404704,4.752897173,-0.089703527,0.00662748,0.131474909,0.233997231,0.31077195,0.368826529,0.414872298,0.453357197,0.486788362,0.516385652,4.060423553,4.203394734,4.266969444,4.290245073,4.2943477,4.289009846,4.278788676,4.265930566,4.251616342,4.236511521
31-May-1967,4.01723747,4.308595186,4.477481,4.576529131,4.63712406,4.676757229,4.704832233,4.726215006,4.743276783,4.757042274,0.023078662,0.116618916,0.204999551,0.274421451,0.328469782,0.372635757,0.410860211,0.445366286,0.477160221,0.50651213,3.994158808,4.19197627,4.272481449,4.30210768,4.308654278,4.304121471,4.293972022,4.28084872,4.266116562,4.250530145
30-Jun-1967,4.686967314,5.011634197,5.106133958,5.13435509,5.147918702,5.161100697,5.176656878,5.194079385,5.21213581,5.22960078,0.246296656,0.373737778,0.410400625,0.432523541,0.461263277,0.498722317,0.542401022,0.589385502,0.637283498,0.684283545,4.440670658,4.637896418,4.695733333,4.701831549,4.686655425,4.662378379,4.634255856,4.604693882,4.574852313,4.545317235
31-Jul-1967,4.826556217,4.936287439,4.97247812,4.985717675,4.991689564,4.996170387,5.001128021,5.006901442,5.013120803,5.019134584,0.065495359,0.084195837,0.11891507,0.159850315,0.203203807,0.247568233,0.292180026,0.336365733,0.379422931,0.420634952,4.761060858,4.852091602,4.85356305,4.82586736,4.788485757,4.748602154,4.708947996,4.670535709,4.633697872,4.598499632
31-Aug-1967,4.917977123,5.144213812,5.204298921,5.216082747,5.220124982,5.226978713,5.237922688,5.251778739,5.266969421,5.282070611,0.109084229,0.241613007,0.289006961,0.321194231,0.358583367,0.403440152,0.453553816,0.506247655,0.559296772,0.611003363,4.808892893,4.902600805,4.91529196,4.894888516,4.861541615,4.823538561,4.784368872,4.745531084,4.707672649,4.671067248
29-Sep-1967,5.055208622,5.194741101,5.23605262,5.247234809,5.251611916,5.256300071,5.262886843,5.271111871,5.280145969,5.289046431,0.07898618,0.15398531,0.204662191,0.25144202,0.300189952,0.351314106,0.403798575,0.456404451,0.507977924,0.557513654,4.976222442,5.04075579,5.03139043,4.995792789,4.951421964,4.904985966,4.859088268,4.81470742,4.772168045,4.731532776
31-Oct-1967,5.187424936,5.370679812,5.471850896,5.529522129,5.564567589,5.588037554,5.605552902,5.619771749,5.631765131,5.641779734,0.098964377,0.216500993,0.324287116,0.416601001,0.496622911,0.568212467,0.634011264,0.695434872,0.753047829,0.80690933,5.088460559,5.154178819,5.147563779,5.112921127,5.067944677,5.019825087,4.971541638,4.924336877,4.878717302,4.834870404
30-Nov-1967,5.416021994,5.452004203,5.532206362,5.595329228,5.636966693,5.663367107,5.68047512,5.692117851,5.700348035,5.706068994,-0.087494747,0.010211154,0.152927648,0.282515959,0.390183621,0.480112181,0.557594597,0.626397901,0.688724653,0.745683085,5.503516741,5.441793049,5.379278714,5.312813269,5.246783072,5.183254926,5.122880524,5.065719949,5.011623383,4.96038591
29-Dec-1967,5.521513627,5.5782969,5.632908743,5.669383944,5.691746854,5.705749252,5.715344021,5.722646069,5.728520445,5.733104524,-0.006435259,0.084108971,0.196612958,0.300290098,0.390936104,0.471096154,0.54368539,0.610627444,0.672900331,0.730845256,5.527948886,5.49418793,5.436295785,5.369093846,5.30081075,5.234653099,5.171658631,5.112018626,5.055620114,5.002259268
31-Jan-1968,5.096887706,5.272511606,5.366858959,5.419482058,5.45097078,5.471944454,5.487684336,5.500616452,5.511659705,5.520961458,0.08349068,0.188073569,0.285657513,0.37013487,0.444051587,0.51073015,0.572441196,0.630360827,0.684900948,0.736021995,5.013397026,5.084438038,5.081201446,5.049347187,5.006919192,4.961214304,4.91524314,4.870255625,4.826758757,4.784939463
29-Feb-1968,5.155462478,5.405597712,5.481190712,5.497874086,5.503850779,5.512289763,5.525023431,5.540841048,5.558032404,5.575066475,0.033138665,0.252543471,0.33537702,0.384366363,0.433248763,0.488291311,0.548249423,0.610549681,0.672881927,0.733460189,5.122323813,5.153054241,5.145813692,5.113507724,5.070602016,5.023998452,4.976774008,4.930291368,4.885150476,4.841606286
29-Mar-1968,5.26040259,5.555295959,5.635240214,5.651714706,5.657944704,5.66753348,5.681999101,5.6998105,5.719044217,5.738047405,0.180800193,0.392234438,0.465470388,0.509287457,0.556609512,0.612352897,0.674258279,0.739111434,0.804226568,0.867607499,5.079602398,5.163061521,5.169769826,5.142427249,5.101335192,5.055180583,5.007740821,4.960699066,4.91481765,4.870439906
30-Apr-1968,5.536474853,5.60833404,5.696822109,5.759006367,5.797298409,5.820099092,5.833941875,5.842753942,5.848551311,5.852173395,-0.057129621,0.063151476,0.210422876,0.339570761,0.44624282,0.535726577,0.613419497,0.682953352,0.746375272,0.804668591,5.593604473,5.545182565,5.486399233,5.419435605,5.351055589,5.284372515,5.220522379,5.159800589,5.10217604,5.047504804
31-May-1968,5.676052621,5.760193961,5.775678281,5.769125632,5.762755966,5.761820845,5.766071155,5.773901368,5.783610089,5.79372147,-0.015016494,0.141760429,0.228323208,0.296962823,0.364984434,0.435361828,0.507161549,0.578752842,0.648638537,0.715603247,5.691069115,5.618433532,5.547355073,5.472162809,5.397771532,5.326459016,5.258909606,5.195148526,5.134971552,5.078118223
28-Jun-1968,5.528799955,5.526548427,5.520867316,5.5482754,5.602585232,5.671947185,5.747210947,5.82251303,5.894361196,5.960755896,0.281293195,0.422732505,0.517506975,0.619705952,0.734692795,0.856414012,0.978660011,1.097140563,1.20925608,1.313542906,5.24750676,5.103815921,5.003360342,4.928569448,4.867892437,4.815533173,4.768550936,4.725372467,4.685105116,4.64721299
31-Jul-1968,5.143611067,5.152703691,5.159030202,5.215424734,5.310933647,5.426941186,5.549555937,5.670231465,5.784186751,5.88895511,0.406638136,0.586914152,0.68937011,0.802516688,0.936160515,1.081295389,1.228447428,1.37115452,1.505645965,1.629953429,4.736972931,4.565789539,4.469660092,4.412908046,4.374773132,4.345645798,4.32110851,4.299076945,4.278540785,4.259001681
30-Aug-1968,4.99304538,5.057958153,5.190695838,5.295942909,5.36631328,5.411240748,5.440052123,5.459041803,5.471879932,5.480491105,-0.168828264,-0.061206788,0.109758789,0.260387061,0.378810382,0.471710971,0.547218087,0.611176345,0.667126745,0.716994392,5.161873644,5.119164941,5.080937049,5.035555848,4.987502897,4.939529777,4.892834036,4.847865457,4.804753187,4.763496713
30-Sep-1968,4.969898812,5.09399165,5.235927588,5.336451759,5.399702842,5.438199139,5.461804974,5.476684521,5.486265284,5.492259141,-0.126771552,-0.003569017,0.157789437,0.2946997,0.401427759,0.485496815,0.554548289,0.613791455,0.666258958,0.713515064,5.096670365,5.097560666,5.078138151,5.04175206,4.998275084,4.952702324,4.907256686,4.862893066,4.820006326,4.778744077
31-Oct-1968,5.161998555,5.177369556,5.30322401,5.413197704,5.490304838,5.541382798,5.575275895,5.598364227,5.614510235,5.625814765,-0.19070864,-0.081034553,0.107637812,0.277107418,0.411584824,0.517485555,0.603516873,0.676133724,0.73934944,0.795426017,5.352707195,5.258404109,5.195586197,5.136090287,5.078720014,5.023897243,4.971759022,4.922230503,4.875160795,4.830388747
29-Nov-1968,5.339638837,5.312165312,5.428891576,5.531934139,5.599937487,5.640254309,5.662793477,5.674705972,5.680288831,5.681843043,-0.29536234,-0.185174898,0.015100432,0.192842737,0.330834518,0.436913134,0.521280111,0.591421784,0.651964181,0.705499014,5.635001177,5.49734021,5.413791144,5.339091402,5.269102969,5.203341175,5.141513366,5.083284187,5.028324649,4.976344029
31-Dec-1968,6.005634863,6.016247456,6.07779681,6.121183784,6.145399543,6.157404334,6.162778619,6.164791888,6.165009887,6.163962874,-0.156478742,0.003633209,0.171921455,0.31441686,0.431975225,0.531535405,0.618938794,0.697893841,0.770429647,0.837498624,6.162113605,6.012614247,5.905875355,5.806766923,5.713424318,5.625868929,5.543839826,5.466898047,5.39458024,5.32646425
31-Jan-1969,5.92343778,5.971664961,6.023205255,6.054811139,6.071973324,6.081150393,6.086470113,6.090029293,6.092623055,6.094314703,-0.030252596,0.105143293,0.242050136,0.361248936,0.463860849,0.554408947,0.636535311,0.712435714,0.783194675,0.849199377,5.953690376,5.866521668,5.781155119,5.693562203,5.608112474,5.526741446,5.449934803,5.377593579,5.30942838,5.245115326
28-Feb-1969,6.312477817,6.328023796,6.305887756,6.270724444,6.23386315,6.20014474,6.171153161,6.146861088,6.12649427,6.10898764,0.04549546,0.110848013,0.18317474,0.253653868,0.321334437,0.387006757,0.451265749,0.514182179,0.575419488,0.634413596,6.266982356,6.217175783,6.122713016,6.017070576,5.912528712,5.813137983,5.719887412,5.632678909,5.551074783,5.474574044
28-Mar-1969,6.118630509,6.093595724,6.10085819,6.122096056,6.149390402,6.179066763,6.209162434,6.238420798,6.265908114,6.290872867,0.121359416,0.243692271,0.370446928,0.49497753,0.614272898,0.727417703,0.834205971,0.934573042,1.028427324,1.115631735,5.997271093,5.849903453,5.730411262,5.627118526,5.535117504,5.45164906,5.374956463,5.303847756,5.23748079,5.175241132
30-Apr-1969,5.965929028,6.087494672,6.12044107,6.126177523,6.127366711,6.130404015,6.136257846,6.144240408,6.153257154,6.162210527,0.139113053,0.291377979,0.390590679,0.474543458,0.555536441,0.636085508,0.715873558,0.793929093,0.869243222,0.940924491,5.826815975,5.796116694,5.729850392,5.651634065,5.57183027,5.494318507,5.420384288,5.350311315,5.284013933,5.221286036
29-May-1969,6.470292218,6.552371622,6.513013652,6.466086416,6.433600829,6.416039971,6.409563138,6.410295206,6.415155081,6.421830153,0.351237635,0.443529778,0.490376968,0.543139451,0.609433633,0.685814517,0.767591031,0.851013595,0.933408473,1.012914205,6.119054582,6.108841844,6.022636684,5.922946965,5.824167196,5.730225454,5.641972107,5.559281611,5.481746608,5.408915948
30-Jun-1969,7.339162376,7.193331121,6.979288345,6.815584294,6.707942356,6.64223337,6.604596392,6.584816533,6.575899983,6.573122604,0.354583395,0.356917525,0.324296934,0.327745819,0.369760995,0.438386494,0.522316773,0.613483563,0.706575792,0.798169154,6.984578981,6.836413596,6.654991411,6.487838475,6.33818136,6.203846876,6.082279619,5.97133297,5.86932419,5.774953449
31-Jul-1969,7.412489153,7.357551797,7.12089331,6.895931676,6.719352637,6.587840193,6.490783442,6.418480052,6.363504383,6.320422311,0.272613439,0.251443012,0.156917697,0.091606564,0.070085143,0.083337499,0.119974365,0.171011856,0.230101807,0.292868817,7.139875714,7.106108785,6.963975613,6.804325112,6.649267494,6.504502694,6.370809077,6.247468196,6.133402576,6.027553494
29-Aug-1969,7.46169479,7.337274025,7.157478228,7.004833193,6.88973044,6.805918551,6.745233214,6.700891662,6.667783038,6.642129313,0.178883626,0.206666847,0.207076412,0.227066526,0.270714657,0.331749617,0.403475081,0.480752177,0.559930145,0.638440792,7.282811164,7.130607179,6.950401816,6.777766667,6.619015782,6.474168934,6.341758133,6.220139485,6.107852893,6.003688521
30-Sep-1969,7.803087433,7.88016853,7.851585023,7.777428178,7.688279897,7.598919382,7.515774594,7.440973118,7.374514072,7.315418369,0.130553372,0.253795854,0.359226063,0.445062888,0.518252984,0.585124324,0.649488928,0.713064271,0.776231901,0.838637078,7.672534061,7.626372676,7.49235896,7.33236529,7.170026913,7.013795058,6.866285666,6.727908847,6.59828217,6.47678129
31-Oct-1969,7.379499758,7.311720625,7.245830549,7.150717033,7.037066331,6.918623827,6.804315485,6.698496223,6.602538862,6.516151305,-0.189938213,-0.189599213,-0.115805068,-0.048071869,0.001804666,0.039396776,0.07129997,0.101741914,0.132720351,0.164759477,7.56943797,7.501319838,7.361635617,7.198788902,7.035261665,6.879227051,6.733015515,6.596754309,6.46981851,6.351391828
28-Nov-1969,7.833119289,7.56199028,7.404853466,7.305429165,7.238694711,7.19234053,7.15949906,7.135818977,7.118247399,7.104494744,0.035566625,0.097303427,0.194202208,0.305125777,0.419750252,0.533718996,0.645044848,0.752605125,0.855594988,0.953352331,7.797552664,7.464686852,7.210651259,7.000303388,6.818944459,6.658621534,6.514454212,6.383213852,6.262652411,6.151142412
31-Dec-1969,8.170798405,8.10187577,8.029907401,7.913468173,7.768004101,7.613012458,7.461345789,7.319567998,7.190119281,7.073106498,-0.224684947,-0.215460648,-0.120796254,-0.040644434,0.012370856,0.047313705,0.073912042,0.098406408,0.123900001,0.151438283,8.395483353,8.317336417,8.150703656,7.954112607,7.755633246,7.565698752,7.387433747,7.22116159,7.06621928,6.921668215
30-Jan-1970,8.001080122,8.025909282,8.041526201,8.014812384,7.957962808,7.886783998,7.812030445,7.739528268,7.671806419,7.609481526,0.015135081,0.158049823,0.335974328,0.485483216,0.602573897,0.697053411,0.778026785,0.851336571,0.920100582,0.985669421,7.985945041,7.86785946,7.705551873,7.529329168,7.355388911,7.189730587,7.03400366,6.888191696,6.751705838,6.623812105
27-Feb-1970,6.846766077,7.057242601,7.176703516,7.193924285,7.144876347,7.061927585,6.965874655,6.868246348,6.774669078,6.687362227,-0.125073687,-0.018373318,0.14178991,0.260649276,0.334154263,0.377947944,0.406072453,0.427471347,0.446935591,0.466581518,6.971839764,7.075615919,7.034913606,6.933275009,6.810722083,6.683979642,6.559802202,6.440775002,6.327733487,6.22078071
31-Mar-1970,6.71018086,6.919849236,7.032480548,7.07737635,7.083276443,7.069447442,7.04702002,7.02179901,6.996455242,6.971927054,0.148968631,0.339387367,0.515551844,0.656009069,0.76706571,0.858855794,0.938906898,1.011703413,1.079543789,1.143385718,6.561212229,6.580461869,6.516928704,6.421367281,6.316210733,6.210591648,6.108113122,6.010095597,5.916911454,5.828541336
30-Apr-1970,7.45195666,7.687341382,7.768570996,7.78951246,7.787456366,7.777656967,7.766258588,7.75545776,7.745696531,7.736648808,0.389042618,0.647674495,0.82836878,0.971984046,1.096979304,1.211599734,1.319460446,1.421990455,1.519563622,1.61205608,7.062914043,7.039666887,6.940202215,6.817528414,6.690477062,6.566057233,6.446798142,6.333467305,6.226132909,6.124592728
29-May-1970,7.497771172,7.728065586,7.738346586,7.691703811,7.637976693,7.590880926,7.552752628,7.522546113,7.498401779,7.478447663,0.438591953,0.644622378,0.746527435,0.82435631,0.901942208,0.983822892,1.069134755,1.15590127,1.242205506,1.326442173,7.059179219,7.083443208,6.991819151,6.867347501,6.736034485,6.607058034,6.483617872,6.366644843,6.256196272,6.15200549
30-Jun-1970,7.194297522,7.532320359,7.62725888,7.640469385,7.628172673,7.610062701,7.592701923,7.577799539,7.565254473,7.554322737,0.475263883,0.736899405,0.885782742,0.995800296,1.093561711,1.187455298,1.279566447,1.3698665,1.457662033,1.542106651,6.719033639,6.795420954,6.741476138,6.644669089,6.534610962,6.422607404,6.313135476,6.207933039,6.10759244,6.012216085
31-Jul-1970,6.902031303,7.27826758,7.406106564,7.442802266,7.44643853,7.439088476,7.429110279,7.419403774,7.410625303,7.402509149,0.459583089,0.728085427,0.886833492,1.002769628,1.102302435,1.195054808,1.28425457,1.370665594,1.454093167,1.5339915,6.442448214,6.550182153,6.519273072,6.440032639,6.344136096,6.244033668,6.144855709,6.04873818,5.956532136,5.868517649
31-Aug-1970,6.749500147,7.090332342,7.248161443,7.322581098,7.358083868,7.375319559,7.383993511,7.38856853,7.390928247,7.391678797,0.389624792,0.669753134,0.868466645,1.021203796,1.14801045,1.259610781,1.361540805,1.456497472,1.545645753,1.629345956,6.359875355,6.420579208,6.379694798,6.301377302,6.210073419,6.115708778,6.022452706,5.932071057,5.845282495,5.762332841
30-Sep-1970,6.463871352,6.740667993,6.908597854,7.01352431,7.082542431,7.131023519,7.167400411,7.196142371,7.219504127,7.238526377,0.336258586,0.615576635,0.838713024,1.019192015,1.170376274,1.301855727,1.419593407,1.527004348,1.625916108,1.717230226,6.127612766,6.125091358,6.06988483,5.994332295,5.912166158,5.829167792,5.747807004,5.669138023,5.593588019,5.521296151
30-Oct-1970,6.23636701,6.660356197,6.821825861,6.893495428,6.93327911,6.961326387,6.984630412,7.005430399,7.024199805,7.040757334,0.531869183,0.80546577,0.960428037,1.075521828,1.177801019,1.275238097,1.369586455,1.460706734,1.547959229,1.630641855,5.704497827,5.854890427,5.861397824,5.8179736,5.755478091,5.68608829,5.615043958,5.544723665,5.476240576,5.410115479
30-Nov-1970,5.024848192,5.385066848,5.670519978,5.892233268,6.06708009,6.20847466,6.325558184,6.424241119,6.508294207,6.580139448,0.35884836,0.685986796,0.959851508,1.184870503,1.372320608,1.532158918,1.67137521,1.794485206,1.904320287,2.002651025,4.665999832,4.699080052,4.710668469,4.707362765,4.694759481,4.676315742,4.654182975,4.629755913,4.603973919,4.577488423
31-Dec-1970,4.97877625,5.485404245,5.757508505,5.915182737,6.014104722,6.081387986,6.13065571,6.168864947,6.19956488,6.224522906,0.360238371,0.633026369,0.82201686,0.959843375,1.067839706,1.158201886,1.23755313,1.309324281,1.375168164,1.435771842,4.61853788,4.852377876,4.935491646,4.955339362,4.946265016,4.9231861,4.89310258,4.859540666,4.824396716,4.788751064
29-Jan-1971,4.156051122,4.759414487,5.240571011,5.592666779,5.848377215,6.03818722,6.183527116,6.298192753,6.390808844,6.466747335,0.338847291,0.754989326,1.122370735,1.407729713,1.624645995,1.792973767,1.928080714,2.04009748,2.135305054,2.217505794,3.817203831,4.004425161,4.118200276,4.184937067,4.22373122,4.245213453,4.255446402,4.258095272,4.25550379,4.249241541
26-Feb-1971,3.627591149,4.287784818,4.821279836,5.211293516,5.492715236,5.699750107,5.856761855,5.979519267,6.077907171,6.158092182,0.299015187,0.720421,1.101305706,1.394556403,1.612715082,1.777520801,1.90622197,2.010278982,2.096813655,2.170133843,3.328575962,3.567363817,3.71997413,3.816737113,3.880000154,3.922229307,3.950539885,3.969240285,3.981093516,3.987958339
31-Mar-1971,3.749929064,4.213405192,4.583701308,4.873831628,5.104187912,5.291207421,5.446304935,5.57705358,5.688447734,5.783825983,0.338564263,0.668519461,0.946215172,1.171359253,1.355156185,1.508389283,1.638868635,1.75175813,1.850375491,1.936854418,3.4113648,3.544885731,3.637486135,3.702472375,3.749031728,3.782818138,3.807436299,3.82529545,3.838072243,3.846971565
30-Apr-1971,4.695253994,5.325490206,5.677494277,5.887622783,6.022054636,6.114268207,6.181688752,6.233566078,6.274863128,6.308244548,0.426342881,0.755348406,0.981855151,1.14289009,1.26473765,1.363144803,1.446980346,1.521037713,1.587791282,1.648428911,4.268911113,4.570141801,4.695639126,4.744732694,4.757316986,4.751123404,4.734708406,4.712528365,4.687071846,4.659815636
28-May-1971,4.961254145,5.48705607,5.815805865,6.027369341,6.169771779,6.270831188,6.346362773,6.405286069,6.452611259,6.491140405,0.368112475,0.69380107,0.944141905,1.132895534,1.279469322,1.398585004,1.49962328,1.588104446,1.667118016,1.738316257,4.59314167,4.793254999,4.87166396,4.894473807,4.890302457,4.872246184,4.846739493,4.817181624,4.785493242,4.752824148
30-Jun-1971,5.999861771,6.473699301,6.648607119,6.724315661,6.766113615,6.796000973,6.821287196,6.844161219,6.865000066,6.883551872,0.570027304,0.842136782,0.983932931,1.085604354,1.176855174,1.265593515,1.352982699,1.438353293,1.520690573,1.599046833,5.429834467,5.631562519,5.664674188,5.638711307,5.589258441,5.530407458,5.468304497,5.405807926,5.344309493,5.284505038
30-Jul-1971,6.05008247,6.48528959,6.688198153,6.79434488,6.857345868,6.899779877,6.931565137,6.957124811,6.978369172,6.996019364,0.457540769,0.748918506,0.93767307,1.078829437,1.196801558,1.302095925,1.399253836,1.490166207,1.57550051,1.655354558,5.5925417,5.736371084,5.750525084,5.715515442,5.66054431,5.597683951,5.532311301,5.466958603,5.402868662,5.340664806
31-Aug-1971,5.131892372,5.52480013,5.756922981,5.899931675,5.993116702,6.057928761,6.105988523,6.143520819,6.173793236,6.198456612,0.272717055,0.515177439,0.704165142,0.850073617,0.966840388,1.064807333,1.150413523,1.227309064,1.297403067,1.361590801,4.859175317,5.009622691,5.052757839,5.049858058,5.026276313,4.993121428,4.955575,4.916211755,4.876390169,4.836865811
30-Sep-1971,5.143014644,5.505053673,5.715665175,5.843837292,5.926604357,5.983887317,6.026334642,6.059560691,6.086445041,6.108385956,0.248120761,0.470320466,0.644794997,0.780637543,0.890356496,0.983241641,1.065050275,1.139007908,1.20675952,1.269032947,4.894893883,5.034733207,5.070870179,5.063199749,5.036247861,5.000645676,4.961284367,4.920552783,4.879685522,4.839353008
29-Oct-1971,4.518273891,4.973713374,5.304974201,5.524796303,5.668739262,5.764982779,5.831796923,5.880149053,5.916371967,5.944027341,0.14263402,0.415027699,0.663352901,0.852906357,0.993065781,1.099391036,1.183873267,1.254159794,1.314710458,1.367965397,4.375639871,4.558685674,4.6416213,4.671889946,4.675673481,4.665591743,4.647923656,4.625989259,4.601661509,4.576061945
30-Nov-1971,4.634774845,5.053511024,5.364598442,5.582096673,5.734686467,5.845091827,5.928216878,5.993157213,6.045284536,6.087718344,0.218913656,0.497704434,0.746948555,0.943388728,1.095868406,1.217441792,1.318088571,1.404223756,1.479658763,1.546549582,4.415861189,4.55580659,4.617649886,4.638707945,4.63881806,4.627650035,4.610128307,4.588933456,4.565625772,4.541168762
31-Dec-1971,4.334246836,4.782419773,5.1097279,5.345607294,5.519519954,5.652420251,5.757683782,5.843504405,5.914836242,5.974678385,0.28395881,0.579090377,0.828870171,1.026565183,1.183564107,1.311854451,1.420063292,1.513673728,1.595981588,1.668911107,4.050288027,4.203329396,4.280857729,4.31904211,4.335955847,4.3405658,4.33762049,4.329830677,4.318854654,4.305767279
31-Jan-1972,4.219882402,4.911555741,5.330745236,5.595435624,5.771256906,5.894658811,5.985936489,6.056465801,6.112675063,6.15822474,0.416626399,0.775009882,1.036209154,1.223400324,1.362092047,1.470313885,1.559189379,1.635154315,1.701778197,1.760961476,3.803256003,4.136545859,4.294536082,4.3720353,4.409164858,4.424344926,4.42674711,4.421311486,4.410896866,4.397263264
29-Feb-1972,4.180473914,4.838958011,5.25828602,5.532105389,5.718464831,5.851638491,5.951450818,6.029312031,6.091808819,6.142769102,0.39023938,0.747744357,1.019915053,1.219388832,1.368663213,1.485386964,1.580979046,1.662254608,1.733102478,1.79566688,3.790234533,4.091213654,4.238370967,4.312716557,4.349801618,4.366251527,4.370471772,4.367057423,4.358706341,4.347102223
30-Mar-1972,4.994956204,5.567536044,5.820217318,5.947533063,6.022019298,6.072412611,6.110648605,6.141828362,6.168110893,6.190329758,0.477934398,0.745803089,0.891690726,0.989561803,1.068941063,1.140577962,1.2081515,1.272676208,1.334149549,1.392193461,4.517021806,4.821732955,4.928526592,4.95797126,4.953078235,4.931834649,4.902497105,4.869152154,4.833961343,4.798136297
28-Apr-1972,4.524084233,5.169914802,5.526066971,5.736866127,5.871016509,5.962773211,6.029780222,6.081333667,6.122393648,6.15561094,0.420917051,0.741716448,0.958711888,1.110931796,1.22509579,1.31684426,1.394845863,1.46372114,1.525815756,1.582224854,4.103167182,4.428198355,4.567355083,4.625934331,4.64592072,4.645928951,4.63493436,4.617612528,4.596577892,4.573386086
31-May-1972,4.54820733,5.052653607,5.387719381,5.612557537,5.768778861,5.882415743,5.968957284,6.037424467,6.093027471,6.138767661,0.312427659,0.61712755,0.86252624,1.050222151,1.195797804,1.31308894,1.411457472,1.496607143,1.571821654,1.638913585,4.235779671,4.435526057,4.525193141,4.562335385,4.572981058,4.569326803,4.557499812,4.540817324,4.521205817,4.499854076
30-Jun-1972,5.058113132,5.503484481,5.737622123,5.870995323,5.953735802,6.009791906,6.05096095,6.083122139,6.109168928,6.13045623,0.320074099,0.561997165,0.731168201,0.856614816,0.956837422,1.042220133,1.118299958,1.187866933,1.252193136,1.311734906,4.738039033,4.941487316,5.006453922,5.014380507,4.996898379,4.967571772,4.932660992,4.895255206,4.856975792,4.818721324
31-Jul-1972,4.752517572,5.394010828,5.693815948,5.851806274,5.946242191,6.009850397,6.057079892,6.094568914,6.12541587,6.151035972,0.492149882,0.785572445,0.950378704,1.059210738,1.143729387,1.216832057,1.283705601,1.346311265,1.405215482,1.460376207,4.26036769,4.608438382,4.743437244,4.792595536,4.802512804,4.79301834,4.773374291,4.748257649,4.720200387,4.690659765
31-Aug-1972,5.308221886,5.718241454,5.948452742,6.085543347,6.172901282,6.232844161,6.276984012,6.311356556,6.339045225,6.361557974,0.311326769,0.565833864,0.755685305,0.900600592,1.017046046,1.115681287,1.202728714,1.28157239,1.353914437,1.420507528,4.996895117,5.15240759,5.192767436,5.184942755,5.155855236,5.117162873,5.074255297,5.029784166,4.985130788,4.941050445
29-Sep-1972,5.425799325,5.814618684,6.015828063,6.128928104,6.198476427,6.245485484,6.280147042,6.307426747,6.329676816,6.347918577,0.317623003,0.554930916,0.723884153,0.852538423,0.957954741,1.049523538,1.132186846,1.20839737,1.279241956,1.345078757,5.108176322,5.259687767,5.29194391,5.276389681,5.240521687,5.195961946,5.147960196,5.099029376,5.05043486,5.00283982
31-Oct-1972,5.422208011,5.8379757,6.024052642,6.118207234,6.17312082,6.210181544,6.238405898,6.261613332,6.28132421,6.298008402,0.373922551,0.603358625,0.745957988,0.851167821,0.939928461,1.020553648,1.096236322,1.168037918,1.236103739,1.300190049,5.04828546,5.234617075,5.278094653,5.267039413,5.233192359,5.189627896,5.142169575,5.093575415,5.045220472,4.997818353
30-Nov-1972,5.304422117,5.69150618,5.892977833,6.006650973,6.076687898,6.124053675,6.158970415,6.186439841,6.20884105,6.227212887,0.300432269,0.528656554,0.692083024,0.816440799,0.918048845,1.006079762,1.085416443,1.158495515,1.226396713,1.289471234,5.003989848,5.162849626,5.20089481,5.190210175,5.158639053,5.117973913,5.073553972,5.027944326,4.982444337,4.937741652
29-Dec-1972,5.640815601,5.916025457,6.056199435,6.133411193,6.180107331,6.211560431,6.235047845,6.253952694,6.269712348,6.282788706,0.245385622,0.438259989,0.585115248,0.702985576,0.803282385,0.89265971,0.974703548,1.051167446,1.122761763,1.189633082,5.395429979,5.477765467,5.471084187,5.430425617,5.376824946,5.318900721,5.260344297,5.202785247,5.146950585,5.093155624
31-Jan-1973,6.12136132,6.275968312,6.333117476,6.355572808,6.366065965,6.373067932,6.379547508,6.386236379,6.392939912,6.399100939,0.221876016,0.373314095,0.489163369,0.58923557,0.681533824,0.769142217,0.8531097,0.933585165,1.010308309,1.082848391,5.899485305,5.902654217,5.843954108,5.766337238,5.684532141,5.603925715,5.526437808,5.452651214,5.382631603,5.316252548
28-Feb-1973,6.421890701,6.595188921,6.636943032,6.630403119,6.608004433,6.582533082,6.55874858,6.537997449,6.520159339,6.504513672,0.199677564,0.338712666,0.438128528,0.519440178,0.592885972,0.662916892,0.731219235,0.798130581,0.863337635,0.92624112,6.222213136,6.256476255,6.198814505,6.11096294,6.015118461,5.91961619,5.827529345,5.739866868,5.656821705,5.578272552
30-Mar-1973,6.97225346,6.867630777,6.7759064,6.709335368,6.664046661,6.63443874,6.615816883,6.604592417,6.598045136,6.594087482,0.1297655,0.201226666,0.275301929,0.358414587,0.44795806,0.540543093,0.633515212,0.724948529,0.81342762,0.897880801,6.84248796,6.666404111,6.50060447,6.350920782,6.2160886,6.093895648,5.982301671,5.879643888,5.784617515,5.696206681
30-Apr-1973,6.707766156,6.702550479,6.669306661,6.639551495,6.618706887,6.606130193,6.599892729,6.598010354,6.598730982,6.600574448,0.188319999,0.295034364,0.38996213,0.48450529,0.579791987,0.67478046,0.768204368,0.858946424,0.946064936,1.028770236,6.519446156,6.407516114,6.279344532,6.155046205,6.0389149,5.931349733,5.831688361,5.73906393,5.652666046,5.571804212
31-May-1973,7.037954986,6.812339745,6.728845206,6.699560416,6.683615258,6.670162185,6.657410898,6.645456915,6.634370439,6.623889903,0.182877851,0.12286617,0.218662289,0.349213951,0.474683829,0.587646793,0.689209557,0.781656509,0.86668658,0.94525983,6.855077134,6.689473575,6.510182917,6.350346466,6.208931429,6.082515392,5.968201341,5.863800405,5.76768386,5.678630072
29-Jun-1973,7.593085152,7.093507424,6.901770164,6.82433918,6.781651853,6.749729272,6.722336814,6.698004229,6.676180037,6.656292523,0.024914911,-0.136312544,-0.053100395,0.089704844,0.230556054,0.356650539,0.468562959,0.56916436,0.660808266,0.744950728,7.568170241,7.229819968,6.954870559,6.734634337,6.551095799,6.393078733,6.253773855,6.128839869,6.015371771,5.911341795
31-Jul-1973,8.637017199,8.085435355,7.778331596,7.603185076,7.49817777,7.43273748,7.390915313,7.363691122,7.345523333,7.3327538,0.060146771,0.008402762,0.061855004,0.166021658,0.290574344,0.421528208,0.552324596,0.679673168,0.801761193,0.917489045,8.576870428,8.077032593,7.716476592,7.437163417,7.207603426,7.011209272,6.838590716,6.684017954,6.54376214,6.415264755
31-Aug-1973,8.292563508,7.619310283,7.291541935,7.126088938,7.041856309,7.000644101,6.983180049,6.979005516,6.982021982,6.988434681,-0.139284106,-0.177060824,-0.10699039,0.014041449,0.155075184,0.301324273,0.445739474,0.58485261,0.716877949,0.840853048,8.431847614,7.796371107,7.398532325,7.112047489,6.886781125,6.699319829,6.537440576,6.394152905,6.265144034,6.147581633
28-Sep-1973,7.271978548,6.866893707,6.670417375,6.591884818,6.577682912,6.597416047,6.634043468,6.677939572,6.723571775,6.767692495,0.101529829,0.162668181,0.256099001,0.382781052,0.528270362,0.680454917,0.831610455,0.977271056,1.114984251,1.243465226,7.170448718,6.704225526,6.414318374,6.209103766,6.04941255,5.91696113,5.802433013,5.700668516,5.608587524,5.524227269
31-Oct-1973,7.004910357,6.745866047,6.680067563,6.663095141,6.656257321,6.650720577,6.645286596,6.64012934,6.63529029,6.630489838,-0.150043649,-0.080231632,0.074399376,0.23266521,0.374664021,0.499976118,0.612039603,0.713898712,0.807507733,0.893930295,7.154954006,6.826097679,6.605668187,6.430429931,6.2815933,6.150744459,6.033246993,5.926230628,5.827782557,5.736559543
30-Nov-1973,7.220844631,6.795604846,6.672061276,6.627041699,6.600685525,6.578499098,6.55795865,6.539013661,6.521684217,6.50565793,-0.360962471,-0.338691733,-0.185734947,-0.021192661,0.125179897,0.251825785,0.363044171,0.462848797,0.553884507,0.637636004,7.581807102,7.134296579,6.857796224,6.64823436,6.475505629,6.326673313,6.194914479,6.076164864,5.96779971,5.868021926
31-Dec-1973,7.196449092,6.783778532,6.679726453,6.665902689,6.676047635,6.691116847,6.706142321,6.719971083,6.732265414,6.742737306,-0.20717457,-0.152865049,0.024302611,0.21531761,0.389839767,0.544423825,0.682006229,0.80589641,0.918495168,1.021311161,7.403623662,6.936643581,6.655423843,6.450585079,6.286207868,6.146693022,6.024136092,5.914074673,5.813770247,5.721426145
31-Jan-1974,6.986595228,6.72931819,6.717888373,6.759032436,6.802160686,6.837350821,6.864867727,6.886575712,6.903902803,6.917614603,-0.132141314,-0.010054023,0.210327497,0.425841806,0.613011354,0.773275106,0.912597949,1.03606845,1.147109149,1.247809418,7.118736542,6.739372213,6.507560876,6.333190631,6.189149332,6.064075715,5.952269778,5.850507263,5.756793654,5.669805185
28-Feb-1974,7.014919725,6.802187491,6.806066904,6.839861136,6.864195831,6.875969799,6.879090483,6.87723047,6.872631886,6.866352647,-0.223347292,-0.094532524,0.124998357,0.330004238,0.50108544,0.643114061,0.764164078,0.870435137,0.965845247,1.052632822,7.238267017,6.896720014,6.681068547,6.509856899,6.363110391,6.232855738,6.114926406,6.006795332,5.906786639,5.813719826
29-Mar-1974,8.168810155,7.721818528,7.560420965,7.488009215,7.445420469,7.414824597,7.390696775,7.370940738,7.354305667,7.339721881,-0.193496568,-0.131111269,0.036012162,0.215023574,0.380451385,0.52956671,0.664873651,0.789046751,0.903906597,1.010485205,8.362306724,7.852929797,7.524408803,7.272985641,7.064969084,6.885257887,6.725823124,6.581893986,6.45039907,6.329236676
30-Apr-1974,8.777155754,8.313181856,8.0831918,7.952961348,7.870910635,7.815394438,7.77613318,7.747450235,7.725727898,7.708403809,-0.037120774,0.017909161,0.144182355,0.29181861,0.441233382,0.586177914,0.724867799,0.856790052,0.981703068,1.099380692,8.814276528,8.295272695,7.939009445,7.661142738,7.429677253,7.229216524,7.051265381,6.890660184,6.74402483,6.609023118
31-May-1974,8.451274261,8.071182503,7.902756026,7.814042223,7.759579777,7.722619821,7.696144534,7.676530819,7.661437595,7.649101877,-0.025234575,0.061959282,0.214587746,0.378475575,0.536150689,0.68411974,0.822660871,0.952595883,1.074501205,1.188641722,8.476508837,8.009223221,7.68816828,7.435566648,7.223429088,7.038500081,6.873483663,6.723934936,6.58693639,6.460460155
28-Jun-1974,8.538594604,8.302079833,8.136128506,8.017156686,7.930102317,7.865352468,7.81648833,7.778970838,7.749425795,7.725254673,0.134371896,0.235399172,0.34434108,0.460463542,0.579826697,0.699565636,0.817750744,0.932985336,1.04417374,1.150418004,8.404222707,8.066680661,7.791787426,7.556693144,7.350275619,7.165786832,6.998737586,6.845985501,6.705252055,6.574836669
31-Jul-1974,8.626362876,8.519649869,8.419033258,8.306272574,8.188563075,8.074327732,7.968526163,7.873041186,7.787831421,7.711847183,0.001710575,0.087509077,0.206835077,0.314942337,0.407064428,0.488291054,0.56359379,0.635952125,0.706647438,0.775881684,8.624652302,8.432140793,8.212198181,7.991330238,7.781498647,7.586036678,7.404932374,7.237089061,7.081183983,6.9359655
30-Aug-1974,9.40761687,8.8040673,8.509398352,8.351154452,8.25703484,8.196533311,8.155548792,8.126680724,8.105492185,8.089013164,0.00454518,0.020575727,0.147122983,0.310375195,0.479654739,0.644688453,0.802359127,0.951795453,1.092740531,1.225066221,9.40307169,8.783491572,8.362275369,8.040779257,7.777380102,7.551844858,7.353189665,7.174885272,7.012751653,6.863946943
30-Sep-1974,8.034001131,7.97673283,7.920503636,7.880855005,7.855480692,7.840593308,7.832972543,7.830083112,7.82992775,7.830913914,0.326139124,0.501303849,0.655244327,0.802505499,0.945145356,1.082984042,1.215470609,1.342039714,1.462171298,1.575404129,7.707862007,7.475428981,7.26525931,7.078349505,6.910335336,6.757609266,6.617501933,6.488043398,6.367756452,6.255509785
31-Oct-1974,7.733431778,7.762101972,7.783632802,7.772872243,7.738974239,7.69384546,7.645555193,7.598420205,7.554246672,7.513389511,0.076621579,0.236384118,0.415734842,0.569252368,0.694980782,0.80092829,0.894323857,0.979776259,1.059739013,1.135274089,7.6568102,7.525717854,7.36789796,7.203619875,7.043993457,6.892917171,6.751231336,6.618643946,6.494507659,6.378115422
29-Nov-1974,7.397167742,7.397900429,7.395446198,7.386154712,7.37332956,7.360107181,7.348172855,7.338012215,7.329375991,7.321642305,0.17730977,0.346076959,0.506373333,0.650828901,0.781043248,0.900410439,1.011541932,1.115947051,1.214305222,1.306785017,7.219857972,7.051823471,6.889072865,6.735325812,6.592286312,6.459696742,6.336630922,6.222065164,6.115070769,6.014857287
31-Dec-1974,7.118588767,7.157000293,7.166004608,7.163389772,7.160019393,7.159161802,7.161116273,7.165161147,7.170286049,7.175466596,0.161937736,0.375129013,0.535225785,0.672262027,0.798241298,0.917323829,1.030807795,1.138912685,1.241440063,1.338042708,6.95665103,6.781871279,6.630778824,6.491127745,6.361778094,6.241837973,6.130308478,6.026248462,5.928845986,5.837423889
31-Jan-1975,6.248088247,6.657061564,6.90031262,7.043013146,7.128959861,7.183169999,7.219382343,7.244963769,7.26375311,7.27765621,0.326684639,0.662983121,0.917103205,1.109441839,1.261444473,1.388003174,1.498169176,1.597057822,1.687393302,1.770524362,5.921403608,5.994078443,5.983209415,5.933571308,5.867515388,5.795166825,5.721213167,5.647905946,5.576359809,5.507131848
28-Feb-1975,5.921371209,6.268166154,6.578555766,6.797172134,6.941904507,7.037234258,7.101350838,7.145826022,7.177543658,7.200441428,0.156120101,0.501889773,0.834758194,1.098739128,1.300387471,1.457657926,1.585349703,1.693248328,1.787265721,1.870797734,5.765251108,5.766276381,5.743797571,5.698433007,5.641517036,5.579576332,5.516001135,5.452577694,5.390277937,5.329643694
31-Mar-1975,6.246483597,6.744849453,7.021313237,7.17891443,7.273425283,7.33373943,7.374871588,7.404631732,7.427037209,7.444088046,0.42500332,0.797741902,1.061083092,1.255289742,1.408072962,1.535808204,1.647660637,1.748564421,1.841059937,1.926366749,5.821480277,5.94710755,5.960230145,5.923624688,5.865352321,5.797931226,5.727210952,5.65606731,5.585977272,5.517721296
30-Apr-1975,6.762193811,7.408873651,7.657925352,7.768096347,7.8290857,7.871723653,7.906547159,7.937008791,7.964051422,7.987728719,0.770609417,1.202344573,1.419339781,1.565459371,1.690485124,1.808820859,1.923583898,2.034645629,2.141134043,2.242155935,5.991584394,6.206529078,6.238585571,6.202636976,6.138600576,6.062902793,5.982963262,5.902363162,5.822917379,5.745572784
30-May-1975,6.094633414,6.773048341,7.12904585,7.329710631,7.451849135,7.532158076,7.588854839,7.631239979,7.664131533,7.69002143,0.611733165,1.05160732,1.339329329,1.543663481,1.70215402,1.834217499,1.949857248,2.054193927,2.149790289,2.237864056,5.482900249,5.721441021,5.78971652,5.786047149,5.749695114,5.697940578,5.638997591,5.577046053,5.514341245,5.452157373
30-Jun-1975,6.741725175,7.130686031,7.347250466,7.467593166,7.535240171,7.574302819,7.597803903,7.612590686,7.622120322,7.628010899,0.398596243,0.725556774,0.975270796,1.16718791,1.321017566,1.450703301,1.56477938,1.668059269,1.763076306,1.851050015,6.343128932,6.405129256,6.37197967,6.300405256,6.214222605,6.123599518,6.033024524,5.944531417,5.859044016,5.776960883
31-Jul-1975,7.166391053,7.570078429,7.721812175,7.771855259,7.780541604,7.773061626,7.760074659,7.745927238,7.732122498,7.718868055,0.471961293,0.770956692,0.958913108,1.095751157,1.208860672,1.310270573,1.405158889,1.495566842,1.582067307,1.664554591,6.69442976,6.799121737,6.762899067,6.676104102,6.571680932,6.462791053,6.354915769,6.250360396,6.150055191,6.054313465
29-Aug-1975,7.3277197,7.678351779,7.819599137,7.876726077,7.899242701,7.907577265,7.910296503,7.910865978,7.910469379,7.909256158,0.488960449,0.802433228,1.009622478,1.167854451,1.30230752,1.423843061,1.537142252,1.644114205,1.745382566,1.840975774,6.83875925,6.875918551,6.809976659,6.708871626,6.596935181,6.483734204,6.373154251,6.266751773,6.165086814,6.068280384
30-Sep-1975,7.526235704,7.946892639,8.106313987,8.163633501,8.18037554,8.181300943,8.176542754,8.170111085,8.163347974,8.156413819,0.559377725,0.901753617,1.114737053,1.271557897,1.403163321,1.52219085,1.63374481,1.739734667,1.840671326,1.936455482,6.966857979,7.045139022,6.991576934,6.892075604,6.777212219,6.659110093,6.542797944,6.430376418,6.322676648,6.219958337
31-Oct-1975,6.341020155,6.916665686,7.240913799,7.429706213,7.545247088,7.620227537,7.671936616,7.709563043,7.737977671,7.759723442,0.512010567,0.933287494,1.230651881,1.448739611,1.618695834,1.75927862,1.881159644,1.990197409,2.089500766,2.180646132,5.829009587,5.983378192,6.010261917,5.980966602,5.926551253,5.860948917,5.790776972,5.719365634,5.648476905,5.57907731
28-Nov-1975,6.564484542,7.137180509,7.438365232,7.610132783,7.716487549,7.787902515,7.83946907,7.878849708,7.909968376,7.934811225,0.606145439,1.025792366,1.30979219,1.519404149,1.68729247,1.830369797,1.95739952,2.072901131,2.179158499,2.277274148,5.958339102,6.111388143,6.128573043,6.090728634,6.029195078,5.957532719,5.882069551,5.805948577,5.730809877,5.657537078
31-Dec-1975,6.112072209,6.688667029,7.026570508,7.234000892,7.368534817,7.461152177,7.528659076,7.580230866,7.62089026,7.653377699,0.53862737,0.956563568,1.259221124,1.485248327,1.663047687,1.810470976,1.937987762,2.051506871,2.154268877,2.247998899,5.573444839,5.732103461,5.767349384,5.748752565,5.70548713,5.650681202,5.590671313,5.528723995,5.466621383,5.4053788
30-Jan-1976,5.565942808,6.389262399,6.871843444,7.15981002,7.338247728,7.454115725,7.53321283,7.589773366,7.631692861,7.663362755,0.577274297,1.089344764,1.44691585,1.697378933,1.881034135,2.02406031,2.141977109,2.243575713,2.333684055,2.414872531,4.988668512,5.299917635,5.424927594,5.462431086,5.457213593,5.430055416,5.391235721,5.346197653,5.298008806,5.248490224
27-Feb-1976,6.079880958,6.731000989,7.055159774,7.232122581,7.338521912,7.408801552,7.459207081,7.497674736,7.528146498,7.552565323,0.61494654,1.027209078,1.286681764,1.470082397,1.61459595,1.737624985,1.847423278,1.947911795,2.040894305,2.127122341,5.464934418,5.70379191,5.768478011,5.762040184,5.723925962,5.671176567,5.611783804,5.549762941,5.487252193,5.425442982
31-Mar-1976,6.004261526,6.626424727,6.957307914,7.14856491,7.268665708,7.35034553,7.409922902,7.45577057,7.49224906,7.5216277,0.587236735,0.995888011,1.26922535,1.467659225,1.624146654,1.755903343,1.871888368,1.976731824,2.072774375,2.161143307,5.417024791,5.630536716,5.688082564,5.680905685,5.644519054,5.594442187,5.538034534,5.479038746,5.419474685,5.360484393
30-Apr-1976,5.9675359,6.576588726,6.911777087,7.110059465,7.236291651,7.322689073,7.385793033,7.434289646,7.472793355,7.503754486,0.564996319,0.973435862,1.254434119,1.460334354,1.622329539,1.757781283,1.876138894,1.982459024,2.079384766,2.168244402,5.402539581,5.603152864,5.657342969,5.649725112,5.613962111,5.564907789,5.509654139,5.451830622,5.393408589,5.335510084
28-May-1976,6.678577839,7.197963317,7.427450167,7.540901486,7.604808596,7.646085959,7.67610978,7.699787361,7.719182895,7.735059942,0.606794353,0.972575769,1.196531691,1.359560672,1.495082947,1.616397193,1.728811164,1.834372587,1.933747365,2.027007382,6.071783487,6.225387548,6.230918476,6.181340814,6.109725649,6.029688766,5.947298617,5.865414774,5.78543553,5.70805256
30-Jun-1976,6.373188708,6.878149335,7.159953131,7.32791754,7.435274396,7.508977354,7.56300089,7.604681673,7.637872945,7.664567843,0.522875543,0.908436489,1.183239037,1.390676215,1.557527095,1.699178388,1.824187702,1.937198737,2.040659909,2.13580847,5.850313166,5.969712846,5.976714094,5.937241325,5.877747301,5.809798965,5.738813188,5.667482936,5.597213036,5.528759373
30-Jul-1976,6.094739772,6.663076272,7.002230163,7.214087159,7.353816154,7.451514086,7.523686563,7.579433167,7.623786957,7.659529645,0.539392902,0.959582561,1.266688116,1.497557298,1.679873621,1.831282744,1.962236477,2.078688416,2.183940464,2.279779225,5.55534687,5.703493711,5.735542046,5.716529862,5.673942532,5.620231342,5.561450086,5.50074475,5.439846493,5.379750419
31-Aug-1976,5.905927408,6.435808506,6.78274515,7.013704452,7.173309566,7.288851817,7.376399595,7.445271219,7.500847027,7.546235414,0.496413224,0.913847862,1.23597924,1.483606949,1.679958498,1.842188478,1.981251313,2.103709144,2.213368372,2.312397661,5.409514184,5.521960644,5.546765911,5.530097503,5.493351068,5.44666334,5.395148281,5.341562075,5.287478655,5.233837754
30-Sep-1976,5.785073325,6.24327696,6.578532348,6.821192984,7.000905425,7.138687159,7.24798082,7.337063182,7.410977993,7.472811996,0.47417734,0.887650503,1.220720921,1.485130863,1.699424101,1.878697035,2.033105903,2.168997257,2.290224268,2.399112774,5.310895985,5.355626457,5.357811427,5.336062121,5.301481324,5.259990124,5.214874917,5.168065926,5.120753725,5.073699222
29-Oct-1976,5.522555412,5.984061322,6.333188791,6.593264374,6.790771612,6.945369035,7.06999,7.172797256,7.25889742,7.331511804,0.477393507,0.89514038,1.233475932,1.503767504,1.723865699,1.908393566,2.067280675,2.206813084,2.330876475,2.441874004,5.045161905,5.088920942,5.099712859,5.08949687,5.066905913,5.03697547,5.002709325,4.965984172,4.928020946,4.8896378
30-Nov-1976,5.009385784,5.36129855,5.666954842,5.937731578,6.177879997,6.390321062,6.577786227,6.742849744,6.887832802,7.014759716,0.569089005,0.988281549,1.312248179,1.586686798,1.828426216,2.044432022,2.238345084,2.412564457,2.56891931,2.708905071,4.440296779,4.373017001,4.354706663,4.35104478,4.349453781,4.34588904,4.339441143,4.330285287,4.318913492,4.305854645
31-Dec-1976,4.909788745,5.351047058,5.710621676,5.983633918,6.190637254,6.351190941,6.479236179,6.583862203,6.670825199,6.743761777,0.361350929,0.735004587,1.058710297,1.319116679,1.527941012,1.699343811,1.843999688,1.968936422,2.078552105,2.175557225,4.548437816,4.61604247,4.651911379,4.664517239,4.662696242,4.651847129,4.635236491,4.614925781,4.592273094,4.568204551
31-Jan-1977,5.63412314,6.161602761,6.502515084,6.727225791,6.881271262,6.992087507,7.075672229,7.141229287,7.19403003,7.237090519,0.457210537,0.847084263,1.147915626,1.378111546,1.559699281,1.70911504,1.836861159,1.949202269,2.049738803,2.140489313,5.176912604,5.314518498,5.354599458,5.349114246,5.321571981,5.282972467,5.238811069,5.192027018,5.144291226,5.096601206
28-Feb-1977,5.507958072,6.086343171,6.469740272,6.727339223,6.906621116,7.037062967,7.136210799,7.214351086,7.277501515,7.329198904,0.494299925,0.919267371,1.247894855,1.498583977,1.69508075,1.855469365,1.991447755,2.110082672,2.215506032,2.310094253,5.013658147,5.1670758,5.221845417,5.228755246,5.211540366,5.181593602,5.144763043,5.104268413,5.061995484,5.01910465
31-Mar-1977,5.404353951,5.98522937,6.393976991,6.67631588,6.875186137,7.020372424,7.130591319,7.217172275,7.286894474,7.343819783,0.473565777,0.912635001,1.265157347,1.536119755,1.747178379,1.917453967,2.060021891,2.183023522,2.291326001,2.387788836,4.930788174,5.072594369,5.128819643,5.140196125,5.128007758,5.102918457,5.070569429,5.034148753,4.995568474,4.956030948
29-Apr-1977,5.48456064,6.041280578,6.426912487,6.694509073,6.885678524,7.027776562,7.137632919,7.225353369,7.296978234,7.356139403,0.492867948,0.924354457,1.264431927,1.527248275,1.734940576,1.905169841,2.049631043,2.175519259,2.287124004,2.386974049,4.991692691,5.11692612,5.162480561,5.167260798,5.150737948,5.12260672,5.088001876,5.04983411,5.00985423,4.969165354
31-May-1977,5.732477935,6.116330714,6.41620024,6.646261279,6.825718435,6.969476827,7.08757733,7.186463496,7.270222248,7.341465079,0.456085484,0.84751929,1.166893751,1.426879549,1.642907684,1.827192735,1.987991367,2.130555965,2.258165943,2.372879354,5.276392451,5.268811424,5.24930649,5.21938173,5.182810752,5.142284092,5.099585963,5.055907531,5.012056305,4.968585725
30-Jun-1977,5.609352704,5.974681997,6.263988012,6.488930275,6.666534506,6.810263485,6.929293859,7.029574522,7.114916721,7.187781973,0.437070539,0.812757973,1.120658529,1.372901447,1.583727624,1.764368227,1.92243404,2.062790086,2.188493586,2.301478627,5.172282166,5.161924023,5.143329483,5.116028828,5.082806881,5.045895258,5.006859819,4.966784436,4.926423136,4.886303345
29-Jul-1977,6.070808127,6.406491759,6.652475612,6.830207899,6.961711311,7.062706794,7.143170284,7.209123746,7.264118723,7.310226821,0.388350141,0.730364893,1.012105179,1.240758568,1.430004095,1.591374255,1.732692546,1.858821258,1.972660813,2.075908856,5.682457986,5.676126866,5.640370433,5.58944933,5.531707216,5.471332539,5.410477738,5.350302488,5.291457911,5.234317964
31-Aug-1977,6.202983622,6.453830883,6.644729658,6.786905953,6.895068582,6.980307039,7.049785188,7.107828296,7.15695211,7.198582406,0.341256915,0.642000635,0.89507699,1.105609543,1.283860393,1.438695253,1.576198254,1.700166352,1.812859908,1.915591577,5.861726708,5.811830248,5.749652667,5.68129641,5.61120819,5.541611786,5.473586934,5.407661944,5.344092201,5.28299083
30-Sep-1977,6.497706671,6.689926305,6.837556198,6.94815135,7.032864087,7.100224198,7.155698076,7.202502588,7.242420497,7.276380522,0.319625514,0.597586945,0.833800771,1.033386553,1.205038691,1.356197413,1.491945321,1.615425531,1.728477234,1.832138321,6.178081157,6.092339361,6.003755426,5.914764797,5.827825397,5.744026785,5.663752755,5.587077057,5.513943263,5.444242201
31-Oct-1977,6.820262375,7.035868749,7.168140625,7.251013088,7.305585468,7.344087018,7.373235091,7.396521852,7.415621334,7.431214601,0.327820138,0.59885719,0.819480631,1.001566122,1.156723442,1.293399174,1.416885016,1.530216408,1.635010192,1.732053039,6.492442237,6.437011558,6.348659994,6.249446966,6.148862026,6.050687844,5.956350076,5.866305444,5.780611142,5.699161562
30-Nov-1977,6.743019022,6.938959775,7.075738237,7.169960163,7.236950583,7.28710868,7.326670005,7.359097763,7.386178293,7.408737779,0.317062342,0.5914059,0.822252563,1.015283009,1.180156069,1.324973288,1.455152206,1.573952196,1.683204999,1.783879372,6.425956679,6.347553875,6.253485673,6.154677154,6.056794514,5.962135391,5.8715178,5.785145567,5.702973294,5.624858407
30-Dec-1977,6.871047569,7.099623914,7.264553438,7.381748299,7.467332971,7.532643976,7.584685742,7.627502043,7.66331136,7.693264418,0.37381807,0.689662332,0.951260526,1.168139255,1.352194421,1.512896708,1.656520841,1.786883475,1.906196448,2.015700854,6.4972295,6.409961582,6.313292912,6.213609044,6.115138551,6.019747267,5.928164901,5.840618568,5.757114911,5.677563564
31-Jan-1978,7.104335881,7.311615351,7.460337945,7.565416573,7.641813363,7.699985099,7.746337031,7.784514076,7.816466605,7.843160819,0.37993246,0.696046127,0.957446483,1.17503986,1.360708471,1.523653396,1.669906652,1.803112191,1.925367103,2.0378376,6.724403421,6.615569224,6.502891461,6.390376713,6.281104892,6.176331703,6.07643038,5.981401885,5.891099501,5.805323219
28-Feb-1978,7.143612162,7.40109158,7.5660685,7.673282952,7.74597985,7.798211686,7.837985636,7.869663078,7.89550268,7.916585778,0.406255008,0.734781422,0.997689703,1.21197177,1.39260097,1.550184552,1.691362364,1.820014679,1.938302343,2.047376628,6.737357154,6.666310158,6.568378797,6.461311182,6.35337888,6.248027134,6.146623273,6.049648399,5.957200337,5.86920915
31-Mar-1978,7.241050719,7.522844304,7.679984836,7.772745079,7.831479451,7.871793726,7.901697653,7.92521151,7.944244001,7.959591007,0.436790886,0.764272937,1.013478799,1.213807506,1.383291677,1.53258138,1.667711104,1.791968749,1.907063534,2.013824707,6.804259833,6.758571366,6.666506037,6.558937572,6.448187774,6.339212346,6.233986549,6.133242761,6.037180467,5.9457663
28-Apr-1978,7.392187227,7.692195576,7.825848254,7.892916381,7.931779462,7.958067728,7.978302209,7.995126729,8.009457579,8.021427769,0.502404695,0.82519294,1.049056718,1.226960565,1.381240726,1.521413343,1.651628634,1.773669524,1.888224287,1.99546829,6.889782532,6.867002636,6.776791536,6.665955817,6.550538735,6.436654385,6.326673574,6.221457205,6.121233292,6.025959479
31-May-1978,7.755680621,7.980216776,8.058783771,8.090299482,8.106852054,8.119147399,8.130508486,8.141613875,8.152189047,8.161642882,0.518981296,0.817024183,1.021172537,1.188798792,1.340058919,1.481769047,1.616105056,1.743600954,1.864201652,1.977654391,7.236699324,7.163192593,7.037611234,6.90150069,6.766793136,6.637378351,6.51440343,6.398012921,6.287987395,6.183988491
30-Jun-1978,8.151174488,8.308710452,8.351440164,8.362309243,8.366129532,8.370074238,8.375650529,8.382551765,8.389941273,8.396892127,0.511402109,0.804485721,1.010280184,1.183429145,1.342067382,1.491885502,1.634468517,1.770048977,1.89842378,2.019273463,7.63977238,7.504224731,7.34115998,7.178880098,7.02406215,6.878188736,6.741182011,6.612502788,6.491517493,6.377618664
31-Jul-1978,8.120662682,8.261649271,8.293136145,8.298004095,8.298798331,8.30132808,8.306361304,8.313192269,8.320765537,8.328032229,0.518501282,0.793595258,0.989149023,1.156596927,1.311901803,1.459624748,1.600769863,1.735267704,1.862756115,1.98283105,7.6021614,7.468054013,7.303987122,7.141407168,6.986896527,6.841703332,6.70559144,6.577924565,6.458009421,6.345201179
31-Aug-1978,8.202732895,8.239853545,8.231049262,8.215515435,8.203195537,8.195817016,8.192727484,8.192662763,8.194297461,8.196416551,0.391334747,0.634741825,0.8230806,0.989408371,1.144321338,1.291220452,1.431096552,1.564081859,1.6899911,1.808534393,7.811398148,7.60511172,7.407968662,7.226107064,7.058874199,6.904596563,6.761630932,6.628580903,6.504306361,6.387882158
29-Sep-1978,8.605131104,8.433100998,8.359377628,8.322014026,8.299461304,8.284465716,8.274201563,8.267109022,8.261978455,8.257730326,0.220582078,0.407025655,0.60697648,0.797994791,0.97455051,1.137573527,1.289027559,1.430426843,1.562672196,1.68621009,8.384549026,8.026075344,7.752401148,7.524019235,7.324910794,7.146892189,6.985174004,6.836682179,6.699306259,6.571520236
31-Oct-1978,9.425986901,9.189156437,9.008912764,8.890897808,8.816922997,8.771774055,8.745032518,8.729809651,8.721497551,8.716929088,0.412673841,0.577215867,0.721019176,0.872820031,1.032051764,1.193762408,1.353731677,1.50906129,1.657868154,1.798940207,9.013313059,8.61194057,8.287893587,8.018077777,7.784871232,7.578011647,7.391300841,7.220748361,7.063629397,6.917988881
30-Nov-1978,9.687922395,9.255624906,8.980147307,8.80874763,8.701280346,8.633191526,8.589696176,8.561665231,8.543235363,8.530479068,0.250555167,0.342774023,0.455244747,0.592989856,0.745526345,0.903880824,1.06214826,1.216679522,1.365228809,1.506392127,9.437367228,8.912850882,8.52490256,8.215757774,7.955754001,7.729310701,7.527547917,7.344985709,7.178006554,7.024086941
29-Dec-1978,10.24168886,9.775932236,9.434221137,9.20756983,9.0611023,8.966878325,8.906066228,8.86648203,8.840219376,8.822039281,0.337223749,0.42246988,0.500057217,0.61016888,0.747605466,0.900727525,1.060197428,1.219769945,1.375495685,1.524913935,9.904465113,9.353462355,8.93416392,8.597400951,8.313496834,8.066150801,7.8458688,7.646712085,7.464723691,7.297125346
31-Jan-1979,9.776427821,9.336957066,9.050538619,8.872151316,8.761131205,8.691699235,8.648140537,8.620735938,8.60327161,8.591618875,0.288568907,0.374844323,0.48115404,0.6158616,0.767974156,0.927542294,1.08790586,1.244934805,1.396102206,1.539848923,9.487858914,8.962112743,8.569384579,8.256289716,7.993157048,7.764156941,7.560234677,7.375801133,7.207169404,7.051769952
28-Feb-1979,9.883256047,9.494930879,9.248828676,9.096572785,9.001604575,8.941813108,8.903951672,8.879836756,8.864187347,8.853440047,0.30613161,0.438999233,0.58091007,0.739871734,0.908116108,1.078606434,1.246673207,1.409425679,1.565082108,1.712527289,9.577124437,9.055931646,8.667918606,8.356701051,8.093488467,7.863206674,7.657278465,7.470411076,7.299105238,7.140912758
30-Mar-1979,9.670133522,9.370080385,9.169236226,9.03815895,8.952400582,8.895858627,8.858262324,8.832939843,8.815397573,8.802489061,0.298614459,0.465890436,0.620476885,0.780543626,0.944622222,1.108777304,1.269830512,1.425597658,1.574618539,1.715908537,9.371519062,8.904189949,8.548759342,8.257615325,8.00777836,7.787081323,7.588431812,7.407342185,7.240779034,7.086580524
30-Apr-1979,9.798560865,9.507131323,9.313584321,9.188627328,9.107851613,9.055345656,9.021036793,8.998415065,8.983110456,8.972069637,0.329274007,0.512630591,0.679733828,0.849974267,1.022535468,1.193929288,1.361277738,1.522598824,1.67657215,1.822313588,9.469286859,8.994500732,8.633850494,8.338653062,8.085316145,7.861416368,7.659759054,7.475816241,7.306538306,7.14975605
31-May-1979,9.535367649,9.175087776,8.995204245,8.89526187,8.834296794,8.794740434,8.768122694,8.749703013,8.736423873,8.726098846,0.184944961,0.344132926,0.534027539,0.728437985,0.916430896,1.095086431,1.264025509,1.423426393,1.573457757,1.714181293,9.350422688,8.83095485,8.461176706,8.166823885,7.917865898,7.699654003,7.504097184,7.32627662,7.162966117,7.011917554
29-Jun-1979,8.942421145,8.666933359,8.582082158,8.549570811,8.530512996,8.515202411,8.501708781,8.489693673,8.478855316,8.468684381,0.07801641,0.267667394,0.505538692,0.731921745,0.934139382,1.114478028,1.27751985,1.426885855,1.564887297,1.692850788,8.864404735,8.399265965,8.076543465,7.817649067,7.596373614,7.400724383,7.22418893,7.062807818,6.913968019,6.775833594
31-Jul-1979,9.39104042,8.999643725,8.859827004,8.799541485,8.764766188,8.739523572,8.719162245,8.702068288,8.687286264,8.673941001,0.05831258,0.215728786,0.449534384,0.682427552,0.894244849,1.08464995,1.257378583,1.415819744,1.562256871,1.698051496,9.33272784,8.783914939,8.410292619,8.117113932,7.870521339,7.654873622,7.461783662,7.286248544,7.125029393,6.975889505
31-Aug-1979,10.02955362,9.494353245,9.24829483,9.119562499,9.042918354,8.992685218,8.957660103,8.932141801,8.912694619,8.896947397,0.076942006,0.194198155,0.389209437,0.600278697,0.80502225,0.998004458,1.178866753,1.348318068,1.507024625,1.655414083,9.95261161,9.30015509,8.859085393,8.519283802,8.237896103,7.994680761,7.77879335,7.583823734,7.405669994,7.241533314
28-Sep-1979,10.49981581,9.804864646,9.502399928,9.351685966,9.263742652,9.20550375,9.1636352,9.131891905,9.106727402,9.085752165,-0.006115078,0.067432635,0.270384284,0.501000691,0.724291157,0.932399236,1.125304016,1.304513833,1.471375229,1.626796131,10.50593089,9.737432011,9.232015644,8.850685274,8.539451494,8.273104515,8.038331185,7.827378073,7.635352173,7.458956034
31-Oct-1979,12.36787843,11.65780141,11.2044435,10.90615564,10.70298545,10.55982278,10.45568115,10.37754649,10.31698824,10.26830296,0.226025462,0.340541447,0.475195226,0.64021771,0.824500604,1.017475822,1.211897661,1.403164115,1.588380683,1.765704785,12.14185297,11.31725997,10.72924827,10.26593793,9.87848485,9.542346956,9.243783486,8.974382374,8.728607554,8.502598171
30-Nov-1979,11.27735911,10.64189584,10.29343027,10.10550688,10.00749807,9.960215252,9.941642206,9.939089108,9.944995645,9.954693999,0.322381016,0.511019329,0.706448297,0.925396579,1.157501034,1.391996733,1.621674892,1.842298682,2.051541606,2.248210246,10.95497809,10.13087651,9.586981972,9.180110297,8.84999704,8.568218519,8.319967314,8.096790426,7.893454039,7.706483753
31-Dec-1979,11.46815509,10.74306385,10.32261341,10.09432007,9.979890359,9.930984932,9.918999229,9.92713676,9.945440835,9.967904233,0.376892742,0.545695822,0.70698328,0.905873803,1.132983685,1.372590256,1.61295894,1.846815029,2.070023003,2.280391479,11.09126235,10.19736802,9.615630132,9.18844627,8.846906675,8.558394676,8.306040289,8.080321732,7.875417833,7.687512753
31-Jan-1980,11.77839261,11.19673448,10.85976103,10.69340655,10.63082887,10.62707775,10.65472596,10.69762156,10.74634622,10.79540379,0.62077231,0.924184002,1.160905424,1.414605503,1.688299656,1.969719423,2.248013659,2.516190323,2.770327062,3.00848088,11.1576203,10.27255048,9.698855611,9.278801048,8.942529216,8.65735833,8.406712304,8.181431238,7.976019161,7.786922906
29-Feb-1980,14.50400409,13.94668179,13.26106405,12.75519131,12.43270456,12.24207527,12.13650091,12.08314743,12.06075052,12.05588724,1.259886494,1.492730175,1.456998861,1.477588583,1.598815447,1.794376996,2.032459861,2.289585397,2.550689733,2.806690177,13.2441176,12.45395162,11.80406519,11.27760273,10.83388911,10.44769828,10.10404105,9.793562035,9.510060788,9.249197061
31-Mar-1980,15.15759355,14.00511209,13.0637115,12.45899112,12.11339419,11.93601467,11.86034536,11.84353774,11.85923091,11.89145826,0.986858893,1.10043609,1.028352186,1.063572125,1.225494641,1.472624188,1.764805389,2.074307587,2.384100414,2.684364601,14.17073466,12.904676,12.03535931,11.395419,10.88789955,10.46339048,10.09553997,9.769230151,9.475130498,9.207093662
30-Apr-1980,10.64815163,10.20945136,10.09174088,10.10350927,10.16662022,10.24794669,10.33289839,10.41483429,10.49067165,10.55899101,0.474973512,0.860705241,1.240321636,1.605531853,1.948465305,2.266729425,2.560547892,2.831093779,3.079779002,3.307989408,10.17317812,9.348746122,8.851419246,8.497977416,8.218154913,7.981217269,7.772350497,7.583740515,7.410892651,7.251001604
30-May-1980,8.694853106,8.961524748,9.111336092,9.2594202,9.41888975,9.582139962,9.740934796,9.88994738,10.02639949,10.14916235,1.110054737,1.698096837,2.070821564,2.388550417,2.690768719,2.981773647,3.258640683,3.518501653,3.759791437,3.982039925,7.584798368,7.263427911,7.040514528,6.870869783,6.72812103,6.600366315,6.482294112,6.371445728,6.266608054,6.167122424
30-Jun-1980,8.521943479,8.880999996,9.084582525,9.228885374,9.346187145,9.447510868,9.536908631,9.61608801,9.685918493,9.746936737,0.836849455,1.373298206,1.739598652,2.03484871,2.294436944,2.530861772,2.748861388,2.950516539,3.136956979,3.308944526,7.685094025,7.50770179,7.344983873,7.194036664,7.0517502,6.916649096,6.788047243,6.665571471,6.548961514,6.437992211
31-Jul-1980,9.081931151,9.521695977,9.718667036,9.846383806,9.953995378,10.0532262,10.14569253,10.23083236,10.30796379,10.37667994,1.05671344,1.661045725,2.02888459,2.319467712,2.582060169,2.829056665,3.062462754,3.281959894,3.487068319,3.677584533,8.025217711,7.860650252,7.689782446,7.526916094,7.371935209,7.224169537,7.083229776,6.948872465,6.820895475,6.699095407
29-Aug-1980,11.06054075,11.26379811,11.28952896,11.25239262,11.19655227,11.13885367,11.08529367,11.03742751,10.99498124,10.95696936,0.719013675,1.175414831,1.484091067,1.726964493,1.937897565,2.13110582,2.312626753,2.484927034,2.648857569,2.804538575,10.34152707,10.08838328,9.805437889,9.525428127,9.258654709,9.007747849,8.772666921,8.55250048,8.346123671,8.152430781
30-Sep-1980,11.85073014,11.78301741,11.60749196,11.48020924,11.41475169,11.39454372,11.40227419,11.42538486,11.45567063,11.48796263,1.038110565,1.505172268,1.75433691,1.977187174,2.214254474,2.463632275,2.716197176,2.964317063,3.202995439,3.429307587,10.81261958,10.27784514,9.853155048,9.503022063,9.20049722,8.930911448,8.686077018,8.461067801,8.252675187,8.05865504
31-Oct-1980,12.94066085,12.56018318,12.35861429,12.24396327,12.17416566,12.12950983,12.09988518,12.07950825,12.06470814,12.0529547,0.605601909,1.00081615,1.35223603,1.678288889,1.982787235,2.267955379,2.535429025,2.786374631,3.021602737,3.241687861,12.33505894,11.55936703,11.00637826,10.56567438,10.19137843,9.861554449,9.564456158,9.293133618,9.043105403,8.811266837
28-Nov-1980,14.0980824,13.26254427,12.83997878,12.59142111,12.42688772,12.30870939,12.21913862,12.14859215,12.09117059,12.04284951,0.191279126,0.442834228,0.745014263,1.052978854,1.349116418,1.629263066,1.893382728,2.142273273,2.37665448,2.597021666,13.90680327,12.81971004,12.09496451,11.53844226,11.0777713,10.67944632,10.32575589,10.00631888,9.714516115,9.44582784
31-Dec-1980,13.09004805,12.28582587,12.0925655,12.04337406,12.01548763,11.98283754,11.9440731,11.90226937,11.85997222,11.81850074,-0.200033436,0.123178888,0.617924826,1.081832431,1.474595375,1.804914596,2.088764734,2.338950758,2.564030161,2.769337549,13.29008149,12.16264699,11.47464067,10.96154163,10.54089225,10.17792294,9.85530837,9.563318608,9.29594206,9.049163187
30-Jan-1981,13.57952865,12.61718656,12.32987715,12.23246265,12.18460709,12.14805991,12.11399865,12.0811601,12.04964626,12.01943281,-0.185416491,0.115830025,0.589288582,1.047899986,1.4487125,1.795064049,2.098775698,2.370047934,2.615966022,2.841102234,13.76494514,12.50135654,11.74058856,11.18456266,10.73589459,10.35299586,10.01522295,9.711112161,9.433680235,9.178330578
27-Feb-1981,13.75403771,13.15058926,12.99843979,12.95890783,12.93810148,12.91507219,12.88804085,12.85885847,12.82912225,12.79958335,0.238395244,0.655042941,1.165009184,1.634303064,2.038263737,2.386173081,2.691593856,2.965108832,3.213779281,3.442055652,13.51564247,12.49554632,11.8334306,11.32460477,10.89983774,10.52889911,10.19644699,9.893749638,9.615342971,9.357527695
31-Mar-1981,12.56087237,12.72825465,12.78853199,12.81026415,12.82103156,12.82962944,12.838268,12.84697789,12.85512754,12.86194344,0.942955431,1.620896704,2.085919449,2.459174045,2.786625606,3.085712586,3.363459395,3.622948575,3.865688687,4.092526216,11.61791694,11.10735795,10.70261254,10.35109011,10.03440596,9.743916854,9.474808604,9.224029319,8.98943885,8.76941722
30-Apr-1981,14.38248192,14.02633203,13.84135759,13.72068852,13.63013017,13.55743536,13.49725794,13.44647175,13.40274774,13.36414361,0.61913622,1.117150574,1.547714055,1.927686658,2.268585661,2.579632402,2.867134212,3.135029327,3.385665533,3.620421408,13.7633457,12.90918146,12.29364353,11.79300186,11.36154451,10.97780296,10.63012372,10.31144242,10.0170822,9.743722203
29-May-1981,14.55173399,13.87660267,13.50759289,13.27161734,13.10609126,12.98293537,12.88760037,12.81150428,12.74901125,12.69612167,0.3068814,0.672794381,1.012021904,1.331736631,1.633544115,1.918954031,2.189206875,2.445112718,2.687122759,2.915461733,14.24485259,13.20380829,12.49557098,11.93988071,11.47254714,11.06398134,10.6983935,10.36639156,10.06188849,9.78065994
30-Jun-1981,14.18235137,13.84282672,13.61579359,13.45553639,13.33965008,13.25389192,13.18888181,13.13824296,13.09747585,13.0632922,0.659332779,1.145638275,1.52035504,1.85081196,2.157922526,2.448203476,2.723678024,2.984934379,3.232104716,3.465196596,13.52301859,12.69718844,12.09543855,11.60472444,11.18172755,10.80568844,10.46520379,10.15330858,9.865371133,9.598095608
31-Jul-1981,15.47374462,14.99581742,14.67319888,14.42884702,14.23312097,14.07206588,13.93751055,13.82372718,13.72626015,13.64148193,0.567756959,0.98032027,1.334034498,1.652821264,1.946909851,2.222590491,2.483531868,2.731639805,2.967746726,3.192094365,14.90598766,14.01549715,13.33916438,12.77602576,12.28621112,11.84947539,11.45397868,11.09208737,10.75851342,10.44938757
31-Aug-1981,16.10109496,15.70599686,15.33081284,15.0515064,14.85678191,14.72272667,14.629496,14.56311151,14.5141419,14.47623206,1.076811674,1.583354321,1.906626659,2.202567049,2.503914795,2.810156856,3.11482483,3.412258986,3.698607895,3.971502327,15.02428329,14.12264254,13.42418618,12.84893935,12.35286711,11.91256982,11.51467117,11.15085253,10.815534,10.50472973
30-Sep-1981,15.68998497,15.79390568,15.57996228,15.35984087,15.19511847,15.08315194,15.00964326,14.96169761,14.92989454,14.90775409,1.567558104,2.246191402,2.575822136,2.842318521,3.116865816,3.405780113,3.701177712,3.994774477,4.280591984,4.554821449,14.12242687,13.54771427,13.00414015,12.51752235,12.07825265,11.67737182,11.30846555,10.96692314,10.64930256,10.35293264
30-Oct-1981,14.03419945,14.03510505,14.06843886,14.09927275,14.12207256,14.13829652,14.15001301,14.15854988,14.1644912,14.16792707,0.996183171,1.699723277,2.25543104,2.720780044,3.125256545,3.48638498,3.814668677,4.116419114,4.395485949,4.654291594,13.03801628,12.33538177,11.81300782,11.37849271,10.99681601,10.65191154,10.33534433,10.04213076,9.769005251,9.513635474
30-Nov-1981,11.34936409,11.90589964,12.13934367,12.25324745,12.32025611,12.36700314,12.40355954,12.43379829,12.45916544,12.48011744,1.235556833,1.975851965,2.443640445,2.799694112,3.104377302,3.379994693,3.635087531,3.873135026,4.095686622,4.30352781,10.11380726,9.930047678,9.695703225,9.453553333,9.215878811,8.987008448,8.768472012,8.560663268,8.363478823,8.176589628
31-Dec-1981,13.20222946,13.45586421,13.48791056,13.48081848,13.47716734,13.48322434,13.49669135,13.51415731,13.53280128,13.55056719,1.364064171,2.051697535,2.485054729,2.838006081,3.162110572,3.470126319,3.763935158,4.042962807,4.306456074,4.553963114,11.83816529,11.40416668,11.00285583,10.6428124,10.31505677,10.01309803,9.732756188,9.471194504,9.226345209,8.996604074
29-Jan-1982,13.70821548,13.75585845,13.71779345,13.67960222,13.65694165,13.64820326,13.64884541,13.65483929,13.66317555,13.67170061,1.146006933,1.802790925,2.251034091,2.625698664,2.968252979,3.290347771,3.594842109,3.882262662,4.152670509,4.406145019,12.56220855,11.95306752,11.46675936,11.05390356,10.68868867,10.35785549,10.0540033,9.772576627,9.510505044,9.265555595
26-Feb-1982,13.62094019,13.73004692,13.62663815,13.5176669,13.44378722,13.40266343,13.38438844,13.38019506,13.38376244,13.39079947,1.285733488,1.918747745,2.273166715,2.564337803,2.848599937,3.13351845,3.415307899,3.689235368,3.951831364,4.200945161,12.3352067,11.81129917,11.35347143,10.9533291,10.59518728,10.26914498,9.969080542,9.690959693,9.43193108,9.189854311
31-Mar-1982,13.82842463,13.84643643,13.82094643,13.7665292,13.69905275,13.62895247,13.5617043,13.49953863,13.44283906,13.39104443,0.8184414,1.396646853,1.846169623,2.215020514,2.531728676,2.813978923,3.072145197,3.31203704,3.536780837,3.747992038,13.00998323,12.44978957,11.9747768,11.55150869,11.16732407,10.81497355,10.4895591,10.18750159,9.906058219,9.643052395
30-Apr-1982,13.31834175,13.43315563,13.39821541,13.32794606,13.25722399,13.19528994,13.14322329,13.09966039,13.06266851,13.03034971,0.992591279,1.575254487,1.966642462,2.283608941,2.567162936,2.831553733,3.081698414,3.319202158,3.544478653,3.757527994,12.32575047,11.85790114,11.43157294,11.04433712,10.69006105,10.36373621,10.06152488,9.780458236,9.518189856,9.272821717
28-May-1982,12.71314007,13.05700418,13.12873409,13.12872068,13.11549818,13.10443855,13.09806921,13.09543664,13.09490908,13.0949497,1.254604366,1.932661016,2.35069777,2.679068153,2.973375632,3.249960127,3.512920942,3.762845503,3.999486073,4.222525835,11.45853571,11.12434316,10.77803632,10.44965253,10.14212254,9.854478427,9.585148271,9.332591138,9.095423003,8.872423864
30-Jun-1982,13.99662168,14.13418952,14.08133069,13.98676817,13.89416777,13.81419917,13.74750312,13.69198449,13.64507686,13.60440213,1.09422426,1.710000575,2.106682988,2.424537456,2.710780403,2.980373917,3.237642195,3.48349141,3.717793908,3.940175906,12.90239742,12.42418894,11.9746477,11.56223071,11.18338737,10.83382525,10.50986093,10.20849308,9.927282948,9.664226225
30-Jul-1982,12.49006195,12.85761148,12.97594601,13.02418053,13.05200796,13.07401727,13.09408105,13.11276599,13.12967115,13.14417329,1.344478521,2.021617737,2.469960732,2.830707237,3.151076278,3.4469745,3.723883529,3.983812261,4.227607891,4.455734039,11.14558342,10.83599374,10.50598527,10.19347329,9.900931685,9.627042768,9.370197526,9.128953729,8.902063256,8.688439252
31-Aug-1982,11.07223434,11.79861244,12.00693912,12.07707402,12.11424523,12.14632835,12.17890324,12.21165646,12.24312889,12.27195626,1.63399828,2.330721663,2.694904235,2.965017014,3.211935461,3.451858977,3.68581453,3.9116708,4.127328781,4.331330034,9.438236058,9.46789078,9.312034887,9.112057001,8.902309765,8.694469375,8.493088711,8.299985657,8.115800109,7.940626227
30-Sep-1982,10.33957164,11.06991919,11.31913805,11.42299718,11.48077518,11.52324048,11.55962414,11.59233147,11.62165755,11.6473028,1.484004607,2.140575251,2.507231404,2.779812456,3.020879903,3.247994969,3.464961838,3.67184851,3.867978452,4.052730069,8.85556703,8.929343935,8.811906642,8.643184722,8.459895279,8.275245512,8.094662301,7.920482961,7.753679094,7.594572736
29-Oct-1982,9.315368305,9.987603959,10.28729921,10.43790786,10.52376865,10.57908561,10.61852522,10.64864245,10.67241561,10.69116366,1.073766955,1.701800306,2.094199168,2.383657185,2.624033705,2.837187117,3.032336965,3.213534858,3.382614546,3.540418635,8.24160135,8.285803653,8.193100046,8.054250676,7.899734945,7.741898496,7.586188252,7.435107596,7.289801067,7.150745027
30-Nov-1982,9.211078531,9.822519233,10.20985199,10.44918537,10.59786591,10.69241867,10.75454992,10.79674678,10.82606352,10.84642692,0.843625842,1.509002117,2.012962801,2.397486431,2.70165014,2.953292599,3.169938389,3.362023686,3.535607687,3.694173849,8.367452689,8.313517115,8.196889193,8.051698941,7.896215772,7.739126076,7.584611528,7.434723094,7.290455832,7.152253072
31-Dec-1982,8.800686197,9.412277239,9.844659387,10.11869973,10.28512337,10.38470513,10.44407079,10.47926431,10.49957582,10.51024582,0.69223532,1.333316308,1.859434435,2.261701788,2.570455489,2.816308409,3.020894613,3.197759749,3.354937795,3.497062764,8.108450877,8.078960931,7.985224951,7.85699794,7.714667885,7.568396724,7.42317618,7.281504559,7.144638027,7.013183055
31-Jan-1983,8.878482704,9.520298607,9.989077231,10.30623169,10.5182596,10.66251259,10.76368266,10.83697345,10.8914815,10.93259222,0.833526678,1.551346851,2.12628834,2.570678684,2.919341336,3.202901861,3.442366589,3.650894972,3.836443339,4.003777302,8.044956027,7.968951755,7.86278889,7.73555301,7.598918265,7.459610729,7.321316067,7.186078478,7.055038158,6.928814923
28-Feb-1983,8.597860969,9.195281242,9.605732693,9.872375402,10.04458562,10.15800508,10.23511746,10.28934404,10.32849215,10.35703888,0.756188963,1.396588664,1.901362742,2.289464584,2.594255072,2.843261839,3.05487091,3.240383724,3.406501006,3.55714034,7.841672006,7.798692578,7.704369952,7.582910817,7.450330551,7.314743243,7.18024655,7.048960313,6.921991143,6.799898538
31-Mar-1983,9.196153788,9.652064155,9.980678633,10.20053871,10.34607592,10.44432761,10.51289422,10.56241887,10.59911152,10.62651795,0.741123297,1.355198598,1.84592719,2.23228299,2.543376707,2.803124316,3.027562047,3.226609443,3.406200232,3.569848625,8.455030491,8.296865557,8.134751443,7.968255718,7.802699217,7.641203293,7.48533217,7.335809426,7.192911284,7.056669329
29-Apr-1983,8.697955809,9.197214029,9.570259418,9.824528789,9.994874114,10.11085053,10.19228319,10.25139131,10.2954299,10.32862701,0.708030669,1.323719875,1.825494485,2.219223861,2.532400402,2.790210642,3.010151073,3.203222842,3.376066825,3.532637513,7.98992514,7.873494155,7.744764933,7.605304928,7.462473712,7.320639886,7.182132117,7.048168472,6.919363073,6.795989494
31-May-1983,9.206779464,9.73970491,10.11766205,10.36404482,10.52132121,10.62265226,10.68953942,10.7349402,10.7663898,10.78817449,0.756628168,1.402835544,1.921142968,2.323784332,2.64209821,2.903384098,3.126230371,3.322166039,3.498059318,3.657936887,8.450151296,8.336869366,8.196519087,8.040260492,7.879222998,7.719268162,7.563309044,7.412774162,7.268330482,7.130237603
30-Jun-1983,9.536439876,10.00448539,10.33978801,10.55816201,10.6966308,10.78491208,10.84241291,10.88082122,10.90689149,10.92441854,0.745980401,1.376126819,1.883602799,2.281215704,2.598621973,2.861542492,3.087480184,3.287287747,3.467427584,3.631686316,8.790459475,8.62835857,8.456185208,8.276946303,8.098008822,7.923369584,7.754932722,7.593533471,7.439463909,7.292732225
29-Jul-1983,10.18040371,10.74213119,11.08558059,11.29905666,11.43622333,11.52828879,11.59299578,11.64032582,11.67585955,11.70269548,0.983784556,1.699664286,2.225677513,2.632016467,2.962453943,3.243498972,3.490696623,3.713041673,3.915740449,4.101841477,9.196619153,9.042466901,8.859903079,8.667040194,8.47376939,8.284789818,8.102299158,7.927284143,7.760119102,7.600853998
31-Aug-1983,10.28496414,10.8762729,11.21468867,11.41966555,11.5515166,11.64162494,11.70667901,11.75569545,11.79359367,11.82306518,1.055356971,1.786629211,2.304884184,2.702782066,3.028926145,3.309426472,3.558541882,3.784193761,3.990871841,4.18118812,9.229607172,9.089643693,8.909804489,8.716883479,8.522590453,8.33219847,8.148137133,7.971501688,7.802721827,7.641877065
30-Sep-1983,9.638569136,10.25854628,10.65827017,10.91061321,11.07156083,11.17715729,11.24901169,11.2996737,11.33631942,11.36301198,0.920959377,1.635799653,2.176142569,2.590543117,2.920519902,3.19498675,3.432041717,3.642490407,3.832665671,4.006270869,8.71760976,8.622746628,8.482127604,8.320070093,8.15104093,7.982170544,7.816969971,7.657183297,7.503653749,7.356741107
31-Oct-1983,9.57967036,10.29067917,10.75066604,11.04566678,11.23843163,11.36871039,11.46027552,11.52702039,11.57700436,11.61490028,1.009472961,1.785155706,2.364945519,2.806755213,3.157021261,3.447249812,3.69697451,3.917849042,4.116743118,4.297722974,8.570197399,8.505523465,8.38572052,8.23891157,8.081410369,7.921460578,7.763301006,7.609171352,7.460261239,7.317177304
30-Nov-1983,9.689441372,10.32511464,10.7510441,11.01955639,11.18656688,11.29148284,11.35882652,11.40307941,11.43257385,11.45202438,0.874006494,1.600746423,2.164561562,2.59559457,2.933838239,3.210643494,3.446545903,3.654042792,3.840500432,4.010210101,8.815434878,8.724368215,8.586482534,8.423961817,8.25272864,8.080839344,7.912280618,7.749036616,7.592073417,7.441814275
30-Dec-1983,9.925080456,10.54582617,10.94387611,11.19565268,11.35731156,11.46442512,11.53817378,11.59082777,11.62940487,11.65788827,0.967457253,1.705977877,2.260304434,2.686111434,3.026791622,3.311562736,3.558465996,3.778221099,3.977113845,4.158838728,8.957623203,8.839848296,8.683571672,8.509541247,8.330519941,8.15286238,7.979707779,7.812606676,7.652291027,7.499049538
31-Jan-1984,9.674175461,10.27007542,10.70074593,10.98538232,11.16961489,11.29005898,11.37076163,11.42637811,11.46554718,11.49327536,0.851756669,1.583474094,2.167616429,2.619796621,2.976019631,3.267319309,3.514803672,3.731608712,3.925619491,4.101517199,8.822418792,8.686601329,8.533129502,8.365585699,8.193595262,8.022739672,7.855957958,7.694769399,7.539927687,7.39175816
29-Feb-1984,10.04074012,10.66804177,11.09033169,11.36202964,11.53650836,11.65088979,11.72824657,11.78226104,11.82087353,11.84863929,0.954470048,1.714359432,2.298792536,2.748728835,3.106025574,3.401718661,3.655792535,3.88037619,4.082664321,4.266910982,9.086270073,8.953682336,8.791539155,8.61330081,8.430482787,8.249171131,8.072454031,7.901884851,7.738209206,7.581728309
30-Mar-1984,10.65528092,11.21976928,11.61090398,11.86182459,12.01941048,12.11895936,12.18304439,12.22517377,12.25316954,12.27146746,0.945128919,1.70753753,2.305305372,2.769235485,3.138677439,3.444711435,3.707844362,3.940653667,4.150627354,4.342189638,9.710152004,9.51223175,9.305598611,9.09258911,8.880733041,8.674247921,8.475200031,8.284520101,8.102542182,7.929277821
30-Apr-1984,10.75013865,11.39726024,11.83821483,12.11855568,12.29340036,12.40304359,12.47298836,12.51844867,12.54824625,12.56741045,1.007409109,1.819661223,2.451374089,2.937191291,3.320702017,3.636045252,3.905649159,4.143234457,4.356956037,4.551625589,9.742729539,9.577599018,9.386840743,9.181364384,8.97269834,8.766998334,8.567339196,8.37521421,8.191290216,8.015784861
31-May-1984,11.86536026,12.56927148,12.93461663,13.1487943,13.2868768,13.38321117,13.45464913,13.50987742,13.55353428,13.58815581,1.454244042,2.321310123,2.913837255,3.368954498,3.747374511,4.077845439,4.374796296,4.645885023,4.895404684,5.12590597,10.41111622,10.24796135,10.02077938,9.779839803,9.539502288,9.30536573,9.079852839,8.863992393,8.658129598,8.462249843
29-Jun-1984,11.95008818,12.74808997,13.06493043,13.2121397,13.29560232,13.35266382,13.39690067,13.43336916,13.46395358,13.48931033,1.579849035,2.448437357,2.962890672,3.341982936,3.664530373,3.957597565,4.230435126,4.486256521,4.726244999,4.950917663,10.37023915,10.29965262,10.10203976,9.870156767,9.63107195,9.395066252,9.16646554,8.947112635,8.737708581,8.538392669
31-Jul-1984,11.64225447,12.15657926,12.33623781,12.41444955,12.46232287,12.50098774,12.5360541,12.56846659,12.59789289,12.62374996,1.341170583,2.061436367,2.498462305,2.835393561,3.13311407,3.41006164,3.671274785,3.917862694,4.149936346,4.36745978,10.30108389,10.09514289,9.837775509,9.579055991,9.329208803,9.090926101,8.864779311,8.650603899,8.44795654,8.25629018
31-Aug-1984,11.65771051,12.1263364,12.32214317,12.40339279,12.43479907,12.44412843,12.44364349,12.4387438,12.43165855,12.42311714,1.074335283,1.754057474,2.209838913,2.558702807,2.851595615,3.111436043,3.34898148,3.569452044,3.775431378,3.968210652,10.58337522,10.37227893,10.11230426,9.844689988,9.583203451,9.332692383,9.09466201,8.869291754,8.656227174,8.454906486
28-Sep-1984,11.17412127,11.70626816,11.96942693,12.09220219,12.14239059,12.15565205,12.15057116,12.13665891,12.1186024,12.09853057,0.957226904,1.630312433,2.108639213,2.470199975,2.761652616,3.010054156,3.230589828,3.431585914,3.617514561,3.790721974,10.21689436,10.07595573,9.860787719,9.622002214,9.380737974,9.145597897,8.919981328,8.705072992,8.501087843,8.307808598
31-Oct-1984,10.25337055,10.83383914,11.13108116,11.28864005,11.37499416,11.42402058,11.45285203,11.47022937,11.48057509,11.4860508,0.98276287,1.65173469,2.115450537,2.465920783,2.75115259,2.996454105,3.215286954,3.414857976,3.599038398,3.769911221,9.270607683,9.18210445,9.015630626,8.822719267,8.623841573,8.427566475,8.237565075,8.055371393,7.881536688,7.716139584
30-Nov-1984,9.458712531,10.24697557,10.72572305,11.0103055,11.17942914,11.28115681,11.34343661,11.38215397,11.40622568,11.42060215,0.966312495,1.722280028,2.281064013,2.696536176,3.017563263,3.278268904,3.499854026,3.694811141,3.87031696,4.030444742,8.492400036,8.524695539,8.444659034,8.313769324,8.161865878,8.00288791,7.843582581,7.68734283,7.535908721,7.39015741
31-Dec-1984,9.082869215,9.948562738,10.49450353,10.83947124,11.06260142,11.21214569,11.31644421,11.39193327,11.44813891,11.49060939,1.067084054,1.885861262,2.486920906,2.935968238,3.285550643,3.570897011,3.813658806,4.026663458,4.217422419,4.390347672,8.015785161,8.062701476,8.007582629,7.903503003,7.777050777,7.641248677,7.5027854,7.365269811,7.230716492,7.100261717
31-Jan-1985,8.957063944,9.721204813,10.22857669,10.54657952,10.74301981,10.86525915,10.94272119,10.99281336,11.02560092,11.04682838,0.866161113,1.603952071,2.177830382,2.609211392,2.939711554,3.203822787,3.424522535,3.61586575,3.786128436,3.940101477,8.090902831,8.117252742,8.050746307,7.93736813,7.803308253,7.661436361,7.518198658,7.376947606,7.239472479,7.106726907
28-Feb-1985,9.684508906,10.42027225,10.91482702,11.23301616,11.43738301,11.57129934,11.661747,11.72478833,11.76981145,11.80226331,0.985123595,1.782748149,2.395351693,2.861574852,3.226364686,3.523991904,3.776735213,3.99816815,4.196352704,4.376053035,8.699385312,8.637524106,8.519475329,8.371441311,8.21101832,8.047307437,7.885011791,7.72662018,7.57345875,7.426210278
29-Mar-1985,9.48408323,10.26347672,10.73321941,11.026399,11.21768534,11.34874507,11.44287949,11.51322222,11.56725361,11.60928147,1.096636308,1.890041406,2.456251128,2.882324064,3.221554392,3.505383662,3.751949394,3.971659702,4.170526066,4.352077027,8.387446922,8.373435316,8.276968286,8.144074936,7.996130951,7.843361405,7.690930094,7.54156252,7.396727549,7.257204444
30-Apr-1985,9.005875372,9.832056556,10.35113491,10.68997264,10.9216876,11.08795699,11.21258714,11.30932793,11.38625231,11.44819439,1.126887114,1.948905511,2.538404383,2.98345121,3.338042285,3.634168219,3.890433042,4.117652332,4.322194114,4.507896608,7.878988258,7.883151046,7.81273053,7.706521432,7.583645315,7.453788776,7.322154099,7.191675602,7.064058195,6.940297783
31-May-1985,8.045741391,8.832596849,9.324225331,9.641155013,9.854561859,10.00532041,10.11677082,10.20231375,10.26973066,10.32360595,0.951776975,1.668925872,2.186430427,2.574633715,2.880838409,3.134252869,3.352152508,3.544599126,3.717457194,3.874186011,7.093964416,7.163670977,7.137794904,7.066521299,6.97372345,6.871067536,6.764618312,6.65771462,6.552273469,6.449419941
28-Jun-1985,7.773506888,8.594227199,9.184776946,9.581503608,9.845517344,10.02439155,10.14928864,10.23938121,10.30619465,10.35661863,0.822936627,1.568364046,2.166072649,2.61841691,2.963051016,3.235015986,3.45868779,3.649395881,3.816400935,3.965223964,6.95057026,7.025863153,7.018704297,6.963086698,6.882466328,6.789375562,6.690600847,6.589985328,6.489793712,6.391394667
31-Jul-1985,8.164330477,8.929841274,9.489461829,9.873363693,10.13551992,10.31846738,10.45030131,10.54845126,10.62349767,10.68184375,0.872790946,1.633294631,2.238985707,2.702690471,3.062376324,3.351398274,3.5926578,3.800552185,3.983841021,4.147820084,7.291539531,7.296546643,7.250476123,7.170673222,7.073143592,6.967069106,6.857643508,6.747899077,6.639656646,6.534023666
30-Aug-1985,7.928075143,8.765748889,9.304304458,9.651681885,9.881785209,10.04017344,10.15381835,10.23848438,10.30339013,10.3539653,0.929972714,1.666570201,2.211400177,2.618144996,2.933406131,3.189257809,3.405650494,3.594480459,3.762738537,3.914536613,6.998102429,7.099178688,7.092904281,7.033536889,6.948379078,6.850915626,6.74816786,6.644003925,6.540651593,6.43942869
30-Sep-1985,7.990805108,8.772468024,9.273262393,9.609547122,9.847265984,10.02368898,10.16012311,10.26897678,10.35764259,10.43063951,1.012740334,1.758704589,2.294017277,2.699958329,3.025021863,3.297424441,3.533462137,3.742617135,3.930510396,4.100569743,6.978064773,7.013763435,6.979245116,6.909588794,6.822244121,6.726264542,6.62666097,6.526359647,6.427132192,6.330069764
31-Oct-1985,7.93702497,8.581173734,9.025551207,9.338296253,9.566446212,9.739546468,9.875567494,9.98538955,10.07566643,10.15054442,0.903845959,1.592242426,2.106691776,2.506181868,2.829979109,3.102793529,3.33961474,3.549455513,3.737788936,3.908018906,7.03317901,6.988931308,6.918859431,6.832114384,6.736467103,6.636752939,6.535952753,6.435934037,6.337877496,6.242525513
29-Nov-1985,7.771232363,8.310130153,8.701322708,8.988485271,9.205610333,9.375345384,9.51198853,9.624445487,9.718299678,9.7971158,0.830140204,1.463780092,1.945984991,2.327574448,2.64169331,2.909291236,3.143212078,3.351288532,3.538361597,3.707506873,6.941092159,6.84635006,6.755337717,6.660910823,6.563917023,6.466054148,6.368776452,6.273156955,6.179938081,6.089608927
31-Dec-1985,7.597021194,7.935252501,8.192505989,8.40292748,8.581261981,8.735024086,8.868705475,8.985302792,9.086952611,9.175244113,0.754623722,1.283176405,1.677530818,2.002874744,2.285726421,2.538014144,2.765854772,2.972818311,3.161230744,3.332745424,6.842397472,6.652076097,6.514975171,6.400052736,6.295535561,6.197009942,6.102850703,6.012484481,5.925721867,5.842498689
31-Jan-1986,7.584827615,7.939160525,8.220736843,8.453994028,8.651655431,8.821372204,8.968221486,9.095769491,9.20661197,9.302690844,0.779351395,1.333876183,1.752613171,2.098070217,2.396920611,2.661944517,2.900054445,3.115421164,3.310801194,3.488156464,6.80547622,6.605284342,6.468123672,6.355923811,6.25473482,6.159427688,6.068167041,5.980348327,5.895810777,5.81453438
28-Feb-1986,7.4232467,7.647198739,7.785986661,7.885111218,7.963288142,8.028756522,8.085362917,8.134954755,8.178407567,8.216107098,0.50316803,0.859339822,1.127175039,1.349767704,1.545386575,1.722353964,1.884763648,2.034752027,2.173482527,2.301614335,6.92007867,6.787858917,6.658811622,6.535343513,6.417901568,6.306402559,6.200599269,6.100202729,6.00492504,5.914492763
31-Mar-1986,6.815565713,7.005993627,7.138100414,7.232907873,7.304508311,7.361475762,7.408722314,7.448920262,7.483434417,7.51289328,0.355472322,0.642676962,0.877365652,1.074776144,1.245958846,1.398348748,1.536550788,1.663263669,1.780003746,1.887591813,6.460093391,6.363316665,6.260734762,6.158131729,6.058549465,5.963127013,5.872171526,5.785656593,5.703430671,5.625301468
30-Apr-1986,6.5974724,6.929671404,7.127798196,7.254641493,7.342193787,7.407096387,7.458105717,7.499826357,7.534640984,7.563735131,0.431951345,0.763816482,1.014702375,1.214990561,1.383270462,1.53042202,1.662622365,1.783288176,1.894255296,1.99647381,6.165521055,6.165854922,6.113095821,6.039650932,5.958923325,5.876674367,5.795483353,5.716538182,5.640385688,5.567261321
30-May-1986,6.86756608,7.416693675,7.735618914,7.927526836,8.048613908,8.129396754,8.186451614,8.228781366,8.26125468,8.286471378,0.583182517,1.03307601,1.360421306,1.60684143,1.802308935,1.965618639,2.107790512,2.235045787,2.350800156,2.456877371,6.284383564,6.383617665,6.375197608,6.320685406,6.246304973,6.163778115,6.078661102,5.993735579,5.910454524,5.829594007
30-Jun-1986,6.539924968,6.939797146,7.19098503,7.354907438,7.467617985,7.549667614,7.612592114,7.662803785,7.703831282,7.737587509,0.468706513,0.843157454,1.129809789,1.3553564,1.540431516,1.69862015,1.838154518,1.963803498,2.078249838,2.182967664,6.071218455,6.096639692,6.061175241,5.999551038,5.92718647,5.851047464,5.774437596,5.699000288,5.625581444,5.554619845
31-Jul-1986,6.304272154,6.671723872,6.938619413,7.144255924,7.309775173,7.447197774,7.563670954,7.663601863,7.749799314,7.824114191,0.560385539,0.980333134,1.300885789,1.562707287,1.7863169,1.982760813,2.158316419,2.316717086,2.460280642,2.590513754,5.743886615,5.691390738,5.637733624,5.581548637,5.523458273,5.464436961,5.405354535,5.346884778,5.289518672,5.233600436
29-Aug-1986,5.556682461,5.978984938,6.289945951,6.533531673,6.732317203,6.898935468,7.040985938,7.163303352,7.269106055,7.360623064,0.563546165,0.986472062,1.306517485,1.566998856,1.78895674,1.983315562,2.156204602,2.311306386,2.450970813,2.576784135,4.993136296,4.992512876,4.983428466,4.966532817,4.943360463,4.915619906,4.884781336,4.851996967,4.818135241,4.78383893
30-Sep-1986,5.901715791,6.416887402,6.781579682,7.055314071,7.270527841,7.445693634,7.591774761,7.715532055,7.821291815,7.911926162,0.657420106,1.150311884,1.517783019,1.810014267,2.053849167,2.264106264,2.449286324,2.614460661,2.762782355,2.896302749,5.244295685,5.266575518,5.263796663,5.245299804,5.216678674,5.18158737,5.142488437,5.101071395,5.05850946,5.015623413
31-Oct-1986,5.768537364,6.199900314,6.526583678,6.788557141,7.005945719,7.190138074,7.34820743,7.484846349,7.603320456,7.705989933,0.63270174,1.098011009,1.448781278,1.735321042,1.980580936,2.195981711,2.387829394,2.559947738,2.714844853,2.854278054,5.135835624,5.101889305,5.077802401,5.053236099,5.025364783,4.994156364,4.960378036,4.924898611,4.888475602,4.851711878
28-Nov-1986,5.782994451,6.118006748,6.391120579,6.625115228,6.829117549,7.008033297,7.165242277,7.303359307,7.424485661,7.530330714,0.58889678,1.014026502,1.338705096,1.611332111,1.850605022,2.064571472,2.257379795,2.431589818,2.589005293,2.731007477,5.194097671,5.103980246,5.052415482,5.013783118,4.978512527,4.943461825,4.907862482,4.871769489,4.835480368,4.799323237
31-Dec-1986,6.109841119,6.358663782,6.557619906,6.740051594,6.910655835,7.068457667,7.212388692,7.342136121,7.457964613,7.560446872,0.594195808,0.984607992,1.271205855,1.517936254,1.743156045,1.951323408,2.143435787,2.319903065,2.481186673,2.627861677,5.515645311,5.37405579,5.286414052,5.222115341,5.16749979,5.117134259,5.068952906,5.022233056,4.976777941,4.932585194
30-Jan-1987,5.968063813,6.221536497,6.437396759,6.632789211,6.810718059,6.971650211,7.116092985,7.244865375,7.358947819,7.459340082,0.55108965,0.937063271,1.232056432,1.485264481,1.712682832,1.919725704,2.108687405,2.280947866,2.437585176,2.579536815,5.416974163,5.284473226,5.205340327,5.14752473,5.098035227,5.051924507,5.00740558,4.963917509,4.921362643,4.879803267
27-Feb-1987,6.023219529,6.286003098,6.477603823,6.645564543,6.800095605,6.942355076,7.072040677,7.189041292,7.29359132,7.386143599,0.56741796,0.935040457,1.199983742,1.426542524,1.633478272,1.825342787,2.003049161,2.166844718,2.317003258,2.453913167,5.455801569,5.350962641,5.27762008,5.219022019,5.166617334,5.117012289,5.068991516,5.022196574,4.976588061,4.932230432
31-Mar-1987,6.249123646,6.522238129,6.730125737,6.910367501,7.072494441,7.218901921,7.350514852,7.468094074,7.572432252,7.664324968,0.584952396,0.978661407,1.269686088,1.516723641,1.738748749,1.941799287,2.128097471,2.298794374,2.454738611,2.596673936,5.66417125,5.543576722,5.460439649,5.39364386,5.333745692,5.277102634,5.222417381,5.169299701,5.117693641,5.067651032
30-Apr-1987,6.888021296,7.329667178,7.556145706,7.719832463,7.861144825,7.989803297,8.107545337,8.214432896,8.31042381,8.395650046,0.87207125,1.332095708,1.618539732,1.850342818,2.062272667,2.262089544,2.45044045,2.626675816,2.790276674,2.94106123,6.015950045,5.997571471,5.937605974,5.869489645,5.798872159,5.727713753,5.657104887,5.58775708,5.520147136,5.454588816
29-May-1987,7.15645861,7.635948956,7.858494303,8.00354415,8.122688601,8.229686901,8.327594156,8.416773044,8.497110976,8.568545656,0.880493204,1.35300932,1.632955391,1.852795801,2.052653334,2.241930981,2.42160043,2.590906399,2.749104756,2.895774773,6.275965406,6.282939636,6.225538912,6.150748349,6.070035267,5.98775592,5.905993727,5.825866645,5.74800622,5.672770883
30-Jun-1987,6.902988386,7.354706697,7.647937497,7.858992275,8.022241765,8.15467858,8.265383308,8.359529088,8.440222547,8.509417005,0.694732155,1.180093771,1.532024093,1.812436805,2.049914696,2.258405383,2.445208821,2.614404625,2.768414301,2.908763197,6.20825623,6.174612926,6.115913404,6.04655547,5.97232707,5.896273197,5.820174487,5.745124463,5.671808246,5.600653808
31-Jul-1987,6.893240507,7.425348986,7.769448665,8.015440136,8.204311974,8.356447002,8.482804172,8.589682375,8.68091196,8.758939422,0.774245062,1.31461874,1.700777946,2.004520854,2.259248263,2.481257978,2.679073397,2.85746629,3.019285222,3.166340878,6.118995445,6.110730246,6.068670719,6.010919283,5.945063711,5.875189024,5.803730775,5.732216085,5.661626738,5.592598544
31-Aug-1987,7.22644459,7.768546909,8.104652753,8.33899366,8.516633538,8.658908285,8.776818495,8.876478178,8.961508077,9.034171953,0.816290625,1.370941837,1.760287335,2.06491748,2.320809035,2.544750682,2.74518493,2.92669618,3.091962431,3.242662637,6.410153966,6.397605072,6.344365419,6.27407618,6.195824503,6.114157603,6.031633565,5.949781998,5.869545646,5.791509317
30-Sep-1987,7.843476032,8.449733309,8.783924787,9.003617928,9.167509356,9.299369028,9.409823043,9.504166551,9.585329369,9.655087225,0.974889496,1.580770367,1.978916197,2.285399734,2.545467699,2.77688857,2.987181949,3.179905536,3.3569806,3.519595071,6.868586536,6.868962941,6.80500859,6.718218193,6.622041657,6.522480458,6.422641094,6.324261015,6.228348769,6.135492153
30-Oct-1987,7.016343153,7.639625542,8.034268393,8.302198986,8.495156148,8.641422843,8.756923589,8.850843598,8.928608984,8.993506528,0.809039349,1.372586224,1.783433396,2.100734589,2.358973978,2.578186637,2.769947214,2.940980103,3.095250457,3.235153234,6.207303804,6.267039318,6.250834997,6.201464397,6.13618217,6.063236205,5.986976376,5.909863494,5.833358527,5.758353294
30-Nov-1987,7.070541963,7.666409725,8.045953899,8.312778948,8.513858832,8.67307729,8.803466355,8.912546733,9.004871019,9.083316743,0.85804462,1.434280007,1.846775741,2.169081113,2.436882834,2.668423882,2.87354436,3.057834294,3.224634795,3.376051009,6.212497343,6.232129718,6.199178157,6.143697834,6.076975998,6.004653408,5.929921995,5.854712439,5.780236224,5.707265734
31-Dec-1987,7.17822294,7.68219598,7.971649477,8.186051783,8.365305866,8.521988201,8.660655606,8.783471862,8.891841391,8.986873244,0.976193183,1.507576263,1.860905291,2.146241999,2.399179389,2.630617569,2.843969867,3.040551553,3.221153523,3.386458474,6.202029756,6.174619717,6.110744185,6.039809784,5.966126477,5.891370632,5.816685739,5.74292031,5.670687868,5.60041477
29-Jan-1988,6.774420915,7.131464584,7.363625081,7.563865679,7.751272954,7.926893782,8.08895703,8.236261345,8.368497724,8.485966059,0.849246254,1.35014352,1.68154586,1.958574274,2.213304087,2.452084953,2.675074232,2.88165699,3.071609542,3.245153468,5.925174661,5.781321064,5.682079221,5.605291404,5.537968868,5.474808829,5.413882797,5.354604355,5.296888182,5.240812592
29-Feb-1988,6.63519493,7.020847903,7.248881357,7.441221756,7.623316429,7.796562031,7.958335337,8.106611856,8.240505423,8.359953598,0.886607629,1.383269687,1.694854304,1.953840297,2.195600102,2.425700957,2.642945187,2.845641084,3.032845862,3.20433171,5.748587301,5.637578216,5.554027053,5.487381458,5.427716327,5.370861074,5.315390151,5.260970772,5.207659561,5.155621888
31-Mar-1988,6.827787341,7.286204963,7.579217372,7.815766498,8.024514385,8.212522507,8.381647357,8.532835534,8.667047513,8.785338881,0.930853714,1.481842345,1.849791031,2.15065731,2.420228415,2.668186039,2.896956679,3.107327016,3.299904839,3.475396684,5.896933627,5.804362618,5.729426341,5.665109187,5.60428597,5.544336468,5.484690678,5.425508518,5.367142674,5.309942197
29-Apr-1988,7.097600318,7.59610238,7.870976019,8.087540321,8.285453486,8.470794591,8.642541991,8.799284095,8.940429524,9.066103393,1.06416319,1.650831162,2.005774522,2.292496798,2.556834086,2.807415889,3.04381201,3.264472003,3.46846699,3.655585255,6.033437128,5.945271218,5.865201497,5.795043523,5.7286194,5.663378702,5.598729981,5.534812092,5.471962534,5.410518138
31-May-1988,7.618020155,8.085641704,8.320933566,8.498151287,8.659121437,8.810806097,8.952422926,9.082450361,9.200020259,9.304920025,1.067641474,1.625536724,1.962326444,2.234979125,2.487301467,2.727576991,2.955355786,3.169042355,3.367591831,3.550629847,6.550378681,6.46010498,6.358607121,6.263172162,6.17181997,6.083229106,5.99706714,5.913408006,5.832428428,5.754290178
30-Jun-1988,7.491300732,7.881900804,8.06475134,8.20529681,8.339729658,8.471543333,8.597823837,8.715713571,8.823480899,8.920335251,0.97956851,1.474143833,1.767319283,2.008711862,2.237555126,2.459395812,2.672157385,2.873258992,3.061037366,3.234712493,6.511732222,6.407756971,6.297432058,6.196584948,6.102174532,6.012147521,5.925666452,5.84245458,5.762443532,5.685622758
29-Jul-1988,7.923634673,8.2492534,8.380734495,8.496016351,8.625536607,8.764829692,8.905080775,9.039749394,9.164990566,9.278876056,1.066627094,1.591024902,1.881899416,2.126076589,2.367985302,2.610093469,2.846703334,3.072682382,3.284852743,3.481634998,6.857007578,6.658228498,6.498835079,6.369939762,6.257551305,6.154736223,6.058377441,5.967067012,5.880137823,5.797241058
31-Aug-1988,8.276834926,8.542691448,8.652863287,8.739580859,8.829460769,8.922892599,9.015710416,9.104331894,9.186464104,9.26082918,0.886218704,1.350020657,1.635053623,1.873993496,2.101408093,2.322114252,2.534201023,2.735300219,2.923844561,3.099046316,7.390616222,7.192670791,7.017809664,6.865587362,6.728052676,6.600778347,6.481509394,6.369031675,6.262619544,6.161782864
30-Sep-1988,8.094487413,8.283343681,8.361673842,8.430225505,8.506199834,8.587469617,8.669302202,8.748016506,8.821286678,8.88778178,0.768342066,1.173742421,1.434277728,1.658164919,1.872532893,2.080574815,2.280318346,2.46961228,2.647063256,2.811969342,7.326145346,7.109601261,6.927396114,6.772060585,6.633666941,6.506894802,6.388983857,6.278404226,6.174223422,6.075812438
31-Oct-1988,7.953062313,8.087808481,8.129710215,8.182748279,8.257601397,8.345987259,8.439038409,8.530611576,8.617010742,8.696187704,0.783879796,1.168797672,1.405063404,1.614850984,1.824641804,2.034186698,2.238638455,2.433988167,2.61777146,2.788719781,7.169182517,6.919010809,6.724646811,6.567897295,6.432959593,6.311800561,6.200399954,6.096623408,5.999239282,5.907467922
30-Nov-1988,8.589296215,8.688882665,8.712085568,8.737283876,8.775438117,8.822896237,8.874522353,8.926393489,8.975908276,9.021423599,0.688396891,1.052020112,1.29612866,1.510041034,1.715656915,1.915407807,2.107556544,2.290224664,2.462148275,2.622629682,7.900899324,7.636862553,7.415956909,7.227242842,7.059781202,6.907488431,6.766965809,6.636168825,6.513760001,6.398793916
30-Dec-1988,8.916705543,8.975579066,8.991095871,8.997660189,9.00304204,9.009313159,9.016706603,9.024759942,9.032752882,9.039904077,0.535059367,0.841286178,1.085939987,1.300103643,1.494997729,1.675702621,1.844709111,2.003249332,2.151903547,2.290915056,8.381646176,8.134292888,7.905155884,7.697556545,7.508044311,7.333610538,7.171997492,7.02151061,6.880849335,6.74898902
31-Jan-1989,8.909038197,8.930141047,8.921433563,8.905726599,8.890386969,8.877810123,8.868361297,8.861524487,8.856426505,8.852094913,0.426559181,0.710187762,0.937886961,1.136283221,1.31634706,1.483388635,1.640056468,1.787612772,1.926579317,2.057094139,8.482479016,8.219953285,7.983546602,7.769443378,7.574039909,7.394421488,7.228304829,7.073911715,6.929847188,6.795000774
28-Feb-1989,9.364979468,9.364077174,9.326184972,9.286955175,9.254325153,9.229198619,9.210498435,9.196661384,9.186111638,9.177414236,0.482412375,0.769974331,0.993768805,1.190405864,1.372091134,1.543307593,1.70572697,1.859886578,2.005836024,2.1434218,8.882567093,8.594102843,8.332416166,8.096549311,7.882234019,7.685891026,7.504771465,7.336774806,7.180275615,7.033992436
31-Mar-1989,9.617192841,9.571875135,9.481104294,9.392924226,9.317394335,9.255278701,9.204807587,9.163655529,9.129552688,9.100468887,0.444363269,0.678245655,0.860581686,1.024438475,1.179648692,1.329205534,1.473777419,1.613177455,1.746903035,1.874363424,9.172829572,8.89362948,8.620522608,8.368485752,8.137745643,7.926073167,7.731030167,7.550478073,7.382649652,7.226105463
28-Apr-1989,9.09018802,9.041855783,8.983993677,8.944086191,8.921792239,8.912330073,8.911255541,8.915171432,8.921576757,8.928621888,0.479811602,0.752390614,0.962400873,1.153426568,1.336056798,1.511933451,1.680596804,1.841294838,1.993389608,2.136409397,8.610376418,8.28946517,8.021592804,7.790659622,7.585735441,7.400396622,7.230658737,7.073876594,6.928187149,6.792212491
31-May-1989,8.779929454,8.658801454,8.605769604,8.57758426,8.559965888,8.548205959,8.540372336,8.535235838,8.531725285,8.528832117,0.277646487,0.505151332,0.72297678,0.923867308,1.107797989,1.277383258,1.435032492,1.582342883,1.720210276,1.849066642,8.502282967,8.153650121,7.882792824,7.653716952,7.4521679,7.270822701,7.105339844,6.952892955,6.811515009,6.679765475
30-Jun-1989,8.108755488,7.957422362,7.935530183,7.952838268,7.980061648,8.008453138,8.035534444,8.060538649,8.08306733,8.102755297,0.223801081,0.441521027,0.676902206,0.899104328,1.10100111,1.284046853,1.451135894,1.604643892,1.746175455,1.876735657,7.884954407,7.515901334,7.258627977,7.05373394,6.879060538,6.724406285,6.58439855,6.455894757,6.336891875,6.22601964
31-Jul-1989,7.63516397,7.450648336,7.427732318,7.463414041,7.519015826,7.579608,7.639177342,7.695144192,7.746301666,7.792025303,0.224607642,0.446170863,0.679647539,0.905473146,1.116272413,1.310938253,1.490274216,1.655398794,1.807291901,1.946726149,7.410556328,7.004477473,6.748084779,6.557940895,6.402743413,6.268669747,6.148903127,6.039745397,5.939009765,5.845299154
31-Aug-1989,8.266698066,8.222454285,8.197623125,8.185471718,8.181074581,8.181741236,8.185716416,8.191620671,8.198266825,8.204612916,0.334380066,0.562483869,0.763403777,0.947232386,1.117673609,1.276999438,1.426596585,1.56722038,1.699213112,1.822676063,7.932318,7.659970416,7.434219348,7.238239332,7.063400972,6.904741798,6.759119832,6.624400292,6.499053713,6.381936853
29-Sep-1989,8.365228604,8.28408883,8.268957951,8.268370134,8.268874062,8.268525635,8.267756624,8.266964346,8.266116288,8.264849593,0.252849871,0.472433849,0.696403351,0.901307272,1.084448424,1.249504471,1.400344902,1.539669169,1.669082644,1.789441935,8.112378733,7.811654981,7.5725546,7.367062862,7.184425637,7.019021165,6.867411721,6.727295177,6.597033644,6.475407659
31-Oct-1989,7.846371806,7.744406339,7.756148246,7.789709336,7.82176247,7.848482012,7.870543488,7.88902738,7.904565767,7.917344413,0.168196754,0.388455034,0.629320724,0.850490723,1.045578772,1.218401959,1.373746232,1.515178098,1.644968486,1.764457837,7.678175052,7.355951305,7.126827522,6.939218613,6.776183698,6.630080053,6.496797255,6.373849282,6.259597281,6.152886576
30-Nov-1989,7.674040007,7.616337068,7.651639955,7.695397008,7.730117076,7.755539899,7.77436929,7.788801408,7.800066637,7.808661163,0.152391852,0.375863923,0.617955258,0.83605498,1.025059737,1.190264157,1.337475179,1.470855638,1.592987929,1.705353641,7.521648155,7.240473145,7.033684697,6.859342028,6.705057339,6.565275742,6.436894111,6.31794577,6.207078708,6.103307521
29-Dec-1989,7.810366916,7.764510405,7.780307338,7.807281061,7.833041342,7.855729929,7.875736109,7.893508448,7.909158412,7.922517495,0.235281125,0.467869885,0.694417441,0.89944445,1.082565165,1.247638055,1.398295392,1.537040455,1.665391274,1.784200079,7.57508579,7.29664052,7.085889897,6.907836611,6.750476177,6.608091875,6.477440717,6.356467992,6.243767138,6.138317417
31-Jan-1990,8.088994901,8.153787589,8.218810352,8.265626101,8.297103733,8.318711134,8.334448949,8.346585588,8.356159907,8.363473077,0.322807588,0.615798946,0.873898622,1.095173019,1.286858499,1.45675467,1.610497607,1.751597889,1.882068376,2.002991814,7.766187314,7.537988643,7.344911731,7.170453082,7.010245234,6.861956464,6.723951342,6.594987699,6.474091531,6.360481263
28-Feb-1990,8.089554759,8.245505444,8.335065366,8.385484605,8.414764464,8.433053751,8.445664201,8.455137921,8.462496317,8.467960758,0.399316446,0.722870436,0.979274973,1.19145477,1.374462754,1.53770921,1.686708612,1.824519438,1.952742943,2.072154996,7.690238313,7.522635009,7.355790393,7.194029835,7.04030171,6.895344541,6.758955589,6.630618483,6.509753373,6.395805762
30-Mar-1990,8.313733676,8.473900427,8.541648642,8.567932305,8.576284004,8.577439956,8.576135479,8.574216435,8.572128504,8.569658391,0.42965086,0.74600414,0.985101901,1.181678771,1.353115577,1.508375917,1.652069802,1.786483747,1.912658477,2.030980322,7.884082817,7.727896287,7.556546742,7.386253534,7.223168427,7.069064038,6.924065678,6.787732688,6.659470027,6.538678068
30-Apr-1990,8.556940527,8.777550112,8.865314196,8.900678954,8.915274801,8.921900587,8.925689464,8.928491677,8.930707417,8.932102434,0.540675061,0.900057349,1.156169975,1.363163946,1.544023889,1.708819516,1.862097334,2.005896717,2.141066331,2.267883304,8.016265466,7.877492763,7.709144221,7.537515009,7.371250912,7.213081071,7.063592131,6.92259496,6.789641086,6.66421913
31-May-1990,8.129338833,8.295373489,8.401110392,8.461466108,8.494364363,8.512047384,8.521654465,8.526943012,8.529662338,8.530443518,0.374086679,0.704028743,0.974829526,1.197399754,1.38562336,1.55037708,1.698690659,1.834683256,1.960606341,2.077606239,7.755252154,7.591344746,7.426280866,7.264066354,7.108741003,6.961670304,6.822963806,6.692259756,6.569055997,6.452837278
29-Jun-1990,7.948312617,8.090449156,8.187709119,8.252055591,8.295731252,8.327156707,8.351292518,8.370759688,8.386769292,8.399740677,0.399557365,0.719817762,0.98371757,1.205368112,1.396859971,1.56700226,1.7214061,1.863377836,1.994761288,2.116534922,7.548755252,7.370631393,7.203991549,7.046687479,6.898871281,6.760154447,6.629886419,6.507381852,6.392008005,6.283205755
31-Jul-1990,7.678728951,7.798907153,7.903704622,7.993557581,8.071224818,8.139189079,8.199175909,8.252240926,8.29896913,8.33965099,0.451450855,0.793866701,1.071847213,1.310718079,1.522548503,1.714043035,1.889122676,2.050131073,2.198494186,2.335103919,7.227278096,7.005040452,6.831857408,6.682839502,6.548676315,6.425146044,6.310053233,6.202109852,6.100474944,6.00454707
31-Aug-1990,7.8005906,8.009894122,8.188677565,8.339623361,8.468155184,8.578805811,8.674861064,8.758585397,8.831516268,8.894704309,0.587394629,1.030414952,1.378833761,1.671739831,1.927451368,2.15573137,2.362198224,2.550268604,2.722124114,2.879230332,7.213195971,6.97947917,6.809843805,6.667883531,6.540703816,6.423074441,6.31266284,6.208316793,6.109392154,6.015473976
28-Sep-1990,7.700609215,7.914705874,8.10298453,8.265359867,8.405347649,8.52667687,8.632366274,8.72465,8.805132973,8.874968066,0.60727214,1.055300172,1.409638824,1.708765324,1.970375948,2.20394144,2.414985954,2.606933625,2.78202066,2.941785432,7.093337075,6.859405702,6.693345706,6.556594543,6.434971701,6.32273543,6.217380321,6.117716375,6.023112313,5.933182633
31-Oct-1990,7.477854112,7.684599711,7.869161243,8.033059479,8.178101089,8.306285117,8.419473503,8.519236237,8.606835791,8.683271771,0.604662292,1.042812042,1.386782615,1.679008216,1.936838651,2.168592569,2.378859364,2.570470326,2.745327684,2.904799587,6.87319182,6.641787668,6.482378629,6.354051263,6.241262438,6.137692548,6.040614138,5.948765911,5.861508107,5.778472184
30-Nov-1990,7.311542916,7.479066845,7.62835985,7.761304781,7.879521139,7.984594559,8.077912548,8.160585828,8.233463377,8.297185723,0.519260397,0.900063073,1.203039248,1.462754289,1.693376173,1.901763492,2.091707978,2.265521869,2.424723108,2.570373169,6.79228252,6.579003772,6.425320601,6.298550491,6.186144965,6.082831066,5.98620457,5.895063958,5.808740268,5.726812554
31-Dec-1990,6.903591897,7.141243183,7.352952391,7.536698168,7.695577872,7.833420581,7.953504505,8.058351144,8.149834242,8.229342905,0.554948043,0.974040551,1.30891463,1.592433656,1.840179824,2.060760624,2.259344352,2.439216929,2.602571577,2.750944271,6.348643853,6.167202632,6.044037761,5.944264511,5.855398048,5.772659958,5.694160153,5.619134215,5.547262665,5.478398634
31-Jan-1991,6.659960819,6.982364349,7.233303291,7.436334947,7.605212011,7.748449592,7.871517179,7.978025315,8.070419956,8.150405454,0.590519322,1.028610889,1.367220344,1.647788038,1.890002024,2.104236759,2.29641192,2.470127334,2.627697621,2.770693601,6.069441497,5.95375346,5.866082947,5.788546909,5.715209987,5.644212832,5.57510526,5.507897982,5.442722335,5.379711853
28-Feb-1991,6.523874706,6.926210341,7.225287103,7.45149415,7.627905278,7.769857182,7.887065222,7.985605327,8.069298352,8.140588263,0.578858123,1.033604402,1.388419333,1.675341372,1.915658093,2.12301658,2.305874717,2.46942407,2.616878446,2.75027377,5.945016584,5.892605939,5.83686777,5.776152778,5.712247185,5.646840602,5.581190505,5.516181257,5.452419906,5.390314493
28-Mar-1991,6.405088587,6.943710149,7.306291304,7.555493028,7.733529243,7.866460652,7.969828948,8.052807675,8.12082304,8.177114607,0.597017391,1.078988123,1.447182577,1.733012692,1.963061013,2.155596743,2.322045151,2.469268351,2.601328773,2.720634004,5.808071197,5.864722026,5.859108727,5.822480337,5.77046823,5.710863909,5.647783797,5.583539324,5.519494267,5.456480604
30-Apr-1991,6.226612819,6.774775565,7.15191566,7.422453464,7.625439882,7.784127787,7.912351404,8.018432104,8.107469673,8.182666448,0.656639081,1.162626948,1.543100888,1.841261563,2.085174526,2.292158972,2.472626907,2.632812164,2.776487883,2.905990919,5.569973738,5.612148617,5.608814772,5.581191901,5.540265356,5.491968815,5.439724497,5.38561994,5.33098179,5.276675529
31-May-1991,6.207669384,6.749918995,7.136531393,7.421937133,7.640858657,7.814803892,7.956972316,8.075526893,8.175609728,8.260543926,0.681123831,1.202882176,1.59880663,1.911785576,2.16934243,2.388553687,2.579797773,2.749385696,2.901217122,3.037770903,5.526545553,5.547036819,5.537724763,5.510151557,5.471516227,5.426250204,5.377174544,5.326141197,5.274392606,5.222773022
28-Jun-1991,6.306480655,6.917066888,7.341132259,7.643285604,7.866782052,8.038688649,8.175493773,8.287216225,8.380012568,8.45774177,0.70394969,1.254463687,1.671686874,1.996071306,2.257905107,2.477212522,2.666422075,2.833079573,2.981771393,3.115331907,5.602530965,5.662603201,5.669445385,5.647214298,5.608876945,5.561476127,5.509071697,5.454136652,5.398241175,5.342409863
31-Jul-1991,6.180966223,6.74302336,7.176328743,7.494037285,7.728209474,7.905381041,8.043616317,8.154436989,8.245051203,8.31997885,0.595664923,1.128132556,1.562527164,1.904403443,2.176653584,2.400036094,2.589072611,2.753050308,2.897726008,3.026657256,5.585301301,5.614890803,5.613801579,5.589633843,5.55155589,5.505344947,5.454543706,5.40138668,5.347325195,5.293321594
30-Aug-1991,5.773434329,6.283519718,6.713739028,7.053920851,7.322000628,7.536760691,7.712298231,7.858265256,7.981115867,8.085189159,0.61296041,1.146981888,1.586323038,1.940697565,2.230164921,2.472350189,2.679717606,2.860466375,3.019898626,3.161480304,5.160473919,5.13653783,5.12741599,5.113223286,5.091835707,5.064410501,5.032580625,4.997798881,4.96121724,4.923708855
30-Sep-1991,5.510504677,5.984245454,6.384490604,6.706155109,6.964615488,7.175465125,7.350458395,7.497755331,7.622914074,7.729751474,0.582611325,1.079178666,1.48472707,1.814477639,2.087107063,2.317731058,2.516831189,2.691306638,2.845666644,2.982909155,4.927893352,4.905066788,4.899763535,4.89167747,4.877508425,4.857734067,4.833627206,4.806448693,4.77724743,4.74684232
31-Oct-1991,5.20077741,5.690114588,6.121006402,6.487197139,6.796890856,7.06006433,7.285204646,7.478900238,7.64614929,7.790754015,0.697472987,1.246999007,1.682636629,2.041553349,2.345312651,2.607401484,2.836538013,3.038553105,3.217500098,3.376313078,4.503304423,4.443115581,4.438369774,4.44564379,4.451578205,4.452662846,4.448666633,4.440347133,4.428649192,4.414440936
29-Nov-1991,4.824184988,5.382503335,5.874827805,6.292852134,6.645777235,6.945092624,7.200648068,7.420131047,7.609402442,7.772941135,0.750838736,1.345228717,1.815244666,2.2004669,2.524522366,2.802408283,3.043904425,3.255597092,3.442094187,3.606750532,4.073346252,4.037274617,4.059583139,4.092385234,4.121254869,4.142684342,4.156743642,4.164533955,4.167308255,4.166190604
31-Dec-1991,4.211398959,4.800964517,5.311392726,5.732778651,6.079377412,6.36725477,6.6092541,6.814786519,6.990622508,7.141673226,0.637696289,1.181917397,1.623459346,1.981853355,2.277387557,2.525914091,2.738483395,2.922556141,3.083199621,3.223942371,3.57370267,3.61904712,3.68793338,3.750925296,3.801989855,3.841340679,3.870770705,3.892230379,3.907422887,3.917730855
31-Jan-1992,4.396010892,5.140312944,5.763742286,6.251994935,6.632664398,6.934322292,7.178383543,7.379555645,7.54773716,7.689642496,0.681676001,1.312413515,1.833931975,2.245588248,2.571539727,2.835434509,3.054500867,3.240213112,3.400041472,3.538888949,3.714334891,3.82789943,3.929810311,4.006406687,4.061124671,4.098887783,4.123882676,4.139342533,4.147695688,4.150753547
28-Feb-1992,4.472823923,5.249997024,5.882322458,6.360700502,6.720886313,6.997400371,7.215205408,7.390902357,7.535292791,7.655440882,0.624839475,1.239071163,1.753752723,2.154261334,2.46434728,2.709979218,2.910383247,3.078258716,3.221694257,3.345829336,3.847984448,4.01092586,4.128569734,4.206439168,4.256539033,4.287421153,4.304822161,4.312643641,4.313598534,4.309611546
31-Mar-1992,4.723284783,5.606944464,6.272128864,6.739309008,7.065705687,7.298786683,7.47064063,7.601525377,7.703957407,7.785668796,0.580760787,1.193139389,1.705568953,2.090649295,2.375545179,2.591527337,2.761621404,2.900698846,3.01789325,3.118715692,4.142523996,4.413805075,4.56655991,4.648659713,4.690160508,4.707259346,4.709019227,4.700826531,4.686064157,4.666953104
30-Apr-1992,4.446649165,5.369960735,6.089798374,6.611773034,6.988302687,7.265718993,7.476266615,7.640772127,7.772407044,7.879526892,0.645565614,1.310746904,1.867580467,2.290274948,2.606945991,2.849696066,3.042285829,3.200227897,3.333210456,3.447221402,3.801083551,4.059213831,4.222217907,4.321498086,4.381356696,4.416022927,4.433980786,4.440544229,4.439196588,4.43230549
29-May-1992,4.311260143,5.130738692,5.790885794,6.289543109,6.665514611,6.954802453,7.183188216,7.367783247,7.519738451,7.646372915,0.655078042,1.289560169,1.815932525,2.223970536,2.539368482,2.788942001,2.992327939,3.162458033,3.307573714,3.432926518,3.6561821,3.841178523,3.974953269,4.065572573,4.126146129,4.165860452,4.190860277,4.205325214,4.212164737,4.213446397
30-Jun-1992,4.144973184,4.844126859,5.449174151,5.94759003,6.356363013,6.694806507,6.978418581,7.218600285,7.42359096,7.599395974,0.767466468,1.413354456,1.931888138,2.349249253,2.690909209,2.976364307,3.219100538,3.428209111,3.609879875,3.768443873,3.377506717,3.430772402,3.517286013,3.598340776,3.665453804,3.7184422,3.759318044,3.790391173,3.813711085,3.830952101
31-Jul-1992,3.719143032,4.413088348,5.014238455,5.510820831,5.919300444,6.258392431,6.543168067,6.784763881,6.991265793,7.168594139,0.720049003,1.333275423,1.827392385,2.225634061,2.551645587,2.823757277,3.054741147,3.253257086,3.425231463,3.574829564,2.999094028,3.079812926,3.18684607,3.28518677,3.367654857,3.434635153,3.48842692,3.531506795,3.56603433,3.593764575
31-Aug-1992,3.550331543,4.197105041,4.776603835,5.284590431,5.726149333,6.109075562,6.441261856,6.729773026,6.98062639,7.198842269,0.848868414,1.492312896,1.988272874,2.397164137,2.745619061,3.047238209,3.310264031,3.540418779,3.742034093,3.918555445,2.701463129,2.704792144,2.788330961,2.887426293,2.980530273,3.061837354,3.130997825,3.189354247,3.238592297,3.280286824
30-Sep-1992,3.209294658,3.856875032,4.44031163,4.96172059,5.423197063,5.828949558,6.184428169,6.49532668,6.767002463,7.004231713,0.888823445,1.538156866,2.029258477,2.436959051,2.789078437,3.097347133,3.368211332,3.606227664,3.815095284,3.997974338,2.320471213,2.318718166,2.411053153,2.524761539,2.634118626,2.731602426,2.816216837,2.889099015,2.95190718,3.006257375
30-Oct-1992,3.694843248,4.442053559,5.097476857,5.624464269,6.043050414,6.379375084,6.654298971,6.88265852,7.074709042,7.237572885,0.649361493,1.277427945,1.805979589,2.22659612,2.560576052,2.830691875,3.05405216,3.242287088,3.403110062,3.541679732,3.045481756,3.164625613,3.291497268,3.397868149,3.482474362,3.548683208,3.600246811,3.640371432,3.67159898,3.695893153
30-Nov-1992,3.983127126,4.819932417,5.487410732,5.986829569,6.360128399,6.645193907,6.868838297,7.04870546,7.196203562,7.318761,0.604992151,1.217811927,1.72797194,2.120696155,2.421108776,2.656245729,2.845989268,3.003406239,3.136777317,3.251333047,3.378134976,3.602120491,3.759438793,3.866133414,3.939019623,3.988948178,4.022849029,4.045299221,4.059426245,4.067427953
30-Dec-1992,3.699505935,4.489539037,5.183139907,5.714597712,6.111755701,6.412156709,6.644923451,6.829860504,6.979911014,7.103500376,0.470722986,1.069999138,1.608959763,2.029024155,2.346450701,2.589566833,2.781154899,2.936662038,3.065978439,3.175346345,3.22878295,3.419539899,3.574180144,3.685573556,3.765304999,3.822589876,3.863768551,3.893198466,3.913932574,3.928154031
29-Jan-1993,3.511526508,4.177311534,4.776124804,5.266874721,5.662939576,5.985386073,6.251770573,6.474889649,6.663758118,6.824741948,0.582457994,1.149214221,1.630897962,2.018828068,2.330388059,2.584760941,2.796576179,2.975907087,3.129522213,3.262010826,2.929068514,3.028097312,3.145226842,3.248046653,3.332551517,3.400625132,3.455194394,3.498982562,3.534235905,3.562731121
26-Feb-1993,3.359415978,3.909588256,4.448571687,4.913263273,5.302193394,5.627524783,5.901756353,6.134894646,6.334449664,6.505999137,0.533786169,1.052232711,1.501715306,1.873301265,2.179089559,2.433652278,2.648597335,2.832231996,2.990363425,3.127094052,2.825629809,2.857355545,2.946856381,3.039962007,3.123103835,3.193872505,3.253159018,3.30266265,3.344086238,3.378905085
31-Mar-1993,3.39356275,3.947383489,4.48190755,4.943057895,5.330622144,5.656248658,5.931765952,6.166689077,6.368221345,6.541764292,0.558100038,1.080599803,1.526869732,1.895761637,2.200752223,2.456026949,2.672592273,2.858298273,3.018662582,3.157620316,2.835462712,2.866783686,2.955037817,3.047296257,3.129869921,3.200221709,3.259173679,3.308390804,3.349558763,3.384143976
29-Apr-1993,3.278597729,3.777155711,4.311105419,4.786395384,5.190387047,5.53120458,5.819938312,6.066176974,6.277388876,6.459248397,0.507006844,1.022441977,1.48306521,1.869218492,2.18903473,2.455951541,2.681420378,2.873896029,3.039406924,3.182275538,2.771590884,2.754713735,2.828040209,2.917176891,3.001352317,3.075253039,3.138517933,3.192280945,3.237981952,3.276972859
28-May-1993,3.624479388,4.194853071,4.669748277,5.06534507,5.397734128,5.679772495,5.921134301,6.129005451,6.308758316,6.464469275,0.605422527,1.091977377,1.472318232,1.782620919,2.043322008,2.266629014,2.460269333,2.629401074,2.777638149,2.90762524,3.019056861,3.102875693,3.197430045,3.282724151,3.35441212,3.413143481,3.460864968,3.499604378,3.531120167,3.556844035
30-Jun-1993,3.538584079,4.01578376,4.423167141,4.77325787,5.075432079,5.337208908,5.564696662,5.762828552,5.935571612,6.086119014,0.533120527,0.953221771,1.282167968,1.556295783,1.79202902,1.9977846,2.178632705,2.338038619,2.478570749,2.602229373,3.005463552,3.062561989,3.140999173,3.216962087,3.283403059,3.339424307,3.386063957,3.424789933,3.457000864,3.483889641
30-Jul-1993,3.585220078,4.106322619,4.53354934,4.882264044,5.17014598,5.411259813,5.61578461,5.790918966,5.941781715,6.072080193,0.480541091,0.891617994,1.221260864,1.489931531,1.713704525,1.903796354,2.067702959,2.210415645,2.335317747,2.4447718,3.104678987,3.214704625,3.312288476,3.392332513,3.456441456,3.507463459,3.548081651,3.580503322,3.606463968,3.627308393
31-Aug-1993,3.434394001,3.837933068,4.202832935,4.522474618,4.800014283,5.040863971,5.250285491,5.432748234,5.591880586,5.730591794,0.422823375,0.780766674,1.075144444,1.324788407,1.540217859,1.728055769,1.892828735,2.037793155,2.165378688,2.277453227,3.011570626,3.057166395,3.127688492,3.197686211,3.259796424,3.312808202,3.357456756,3.39495508,3.426501899,3.453138567
30-Sep-1993,3.434925661,3.881067932,4.243996531,4.548442769,4.80816707,5.031990117,5.226120944,5.395148594,5.542559396,5.671054627,0.43558216,0.786008741,1.060384879,1.288778157,1.485240539,1.656981966,1.808272526,1.941951036,2.060058064,2.164138565,2.999343501,3.095059191,3.183611651,3.259664611,3.322926531,3.375008151,3.417848417,3.453197559,3.482501332,3.506916062
29-Oct-1993,3.526308313,3.957316383,4.310573548,4.607520583,4.860889177,5.079171158,5.268441433,5.433204226,5.576873629,5.702084486,0.424401951,0.768658261,1.04044574,1.267319231,1.462577848,1.63327972,1.78369077,1.916662528,2.034237132,2.137949489,3.101906362,3.188658122,3.270127808,3.340201353,3.398311329,3.445891437,3.484750663,3.516541698,3.542636497,3.564134996
30-Nov-1993,3.656071316,4.168343371,4.57911645,4.912530163,5.187900044,5.419066752,5.615658394,5.784381638,5.929983552,6.055902402,0.478990861,0.878715722,1.194905128,1.45242975,1.667863016,1.851876592,2.011349848,2.150798716,2.273274275,2.380911884,3.177080456,3.28962765,3.384211322,3.460100414,3.520037028,3.56719016,3.604308547,3.633582922,3.656709277,3.674990518
31-Dec-1993,3.670232235,4.199431924,4.607634523,4.935743198,5.207004426,5.435647949,5.630917992,5.799101043,5.944635053,6.070756351,0.508032151,0.911257163,1.220294551,1.470627811,1.681138859,1.862303613,2.020370212,2.159318859,2.281833443,2.389816466,3.162200084,3.288174761,3.387339972,3.465115387,3.525865567,3.573344336,3.61054778,3.639782184,3.66280161,3.680939884
31-Jan-1994,3.553815635,4.059560963,4.448688185,4.762188656,5.022338637,5.242417116,5.430958334,5.593755661,5.734908444,5.857417418,0.469772181,0.844815729,1.13259783,1.366688996,1.564453345,1.735292485,1.884750678,2.016354707,2.132491665,2.234863229,3.084043455,3.214745234,3.316090355,3.395499661,3.457885292,3.507124631,3.546207656,3.577400955,3.602416779,3.622554188
28-Feb-1994,4.084776562,4.641430277,5.042793572,5.356071748,5.61218954,5.827334997,6.011002561,6.169275489,6.306312541,6.425096959,0.574701633,0.998780582,1.310095402,1.559004782,1.768743307,1.950583584,2.110607016,2.252457875,2.378521437,2.490472761,3.510074929,3.642649695,3.73269817,3.797066966,3.843446233,3.876751413,3.900395544,3.916817613,3.927791104,3.934624198
31-Mar-1994,4.522715286,5.196717118,5.663930779,6.004632776,6.264484437,6.470349815,6.63832954,6.77830293,6.896507127,6.997008086,0.62660114,1.108258558,1.468315149,1.746513775,1.970175613,2.156514902,2.316035009,2.455124991,2.577725426,2.686330098,3.896114147,4.08845856,4.19561563,4.258119001,4.294308824,4.313834912,4.322294531,4.323177939,4.318781701,4.310677988
29-Apr-1994,5.011353311,5.71742954,6.129344474,6.405514217,6.610394505,6.772744647,6.906657696,7.019688508,7.116221764,7.198979784,0.719387485,1.190753706,1.498671707,1.728062711,1.915829734,2.077974032,2.221911863,2.351375709,2.468405827,2.574209596,4.291965825,4.526675834,4.630672767,4.677451506,4.694564771,4.694770615,4.684745833,4.668312799,4.647815937,4.624770188
31-May-1994,5.306152125,5.961538674,6.31328486,6.545763582,6.723666257,6.870929159,6.997293779,7.107306142,7.20344908,7.287286549,0.762924095,1.221406336,1.496674447,1.701951839,1.877476706,2.036222061,2.182258604,2.316901633,2.440658715,2.553822095,4.54322803,4.740132338,4.816610413,4.843811743,4.846189551,4.834707098,4.815035175,4.790404509,4.762790366,4.733464454
30-Jun-1994,5.449540189,6.104192642,6.469983697,6.720180008,6.914736305,7.076432105,7.215016085,7.335336105,7.440202278,7.531461766,0.819019805,1.296249436,1.595703863,1.823942787,2.019241896,2.194632202,2.354703483,2.501286209,2.635302198,2.757360423,4.630520383,4.807943206,4.874279835,4.896237221,4.895494409,4.881799903,4.860312603,4.834049896,4.80490008,4.774101342
29-Jul-1994,5.363789437,5.934803851,6.261703923,6.488775422,6.666760923,6.815273813,6.942859024,7.053817585,7.150646164,7.234973086,0.706918071,1.134129722,1.410112332,1.623752205,1.807455753,1.972546759,2.123182225,2.261099367,2.387191742,2.502036808,4.656871366,4.800674129,4.851591591,4.865023217,4.85930517,4.842727054,4.819676799,4.792718218,4.763454421,4.732936278
31-Aug-1994,5.482771214,6.050232727,6.369193042,6.584985023,6.750757214,6.887385474,7.003961605,7.104969202,7.192914024,7.269356542,0.675626767,1.101678369,1.374226126,1.582762853,1.760845387,1.92048855,2.066187524,2.199808031,2.322259592,2.434080213,4.807144447,4.948554358,4.994966915,5.00222217,4.989911827,4.966896925,4.937774081,4.905161171,4.870654432,4.83527633
30-Sep-1994,5.902115334,6.512499791,6.843462388,7.057063247,7.214545788,7.340617628,7.446175616,7.536532493,7.614546561,7.681896844,0.724765573,1.184509667,1.475020744,1.693181263,1.876795866,2.040116106,2.18876994,2.325172012,2.450477217,2.565313753,5.177349761,5.327990124,5.368441644,5.363881984,5.337749923,5.300501522,5.257405676,5.211360481,5.164069344,5.116583092
31-Oct-1994,6.101566755,6.72020287,7.04998342,7.258231168,7.408351664,7.526371577,7.62393342,7.706727553,7.777774633,7.838798325,0.745820573,1.206592154,1.499555484,1.719110872,1.90292717,2.065756096,2.213672451,2.34936965,2.474145747,2.588685934,5.355746182,5.513610716,5.550427936,5.539120296,5.505424494,5.460615481,5.410260969,5.357357903,5.303628886,5.250112391
30-Nov-1994,6.774740439,7.31713066,7.523097098,7.619548829,7.679175216,7.725494142,7.765902604,7.802476462,7.835549509,7.864913895,0.761622671,1.140025943,1.341048176,1.486674787,1.616518355,1.74103442,1.861868213,1.978383313,2.089577051,2.194571924,6.013117769,6.177104717,6.182048923,6.132874042,6.062656861,5.984459721,5.90403439,5.824093149,5.745972458,5.670341971
30-Dec-1994,7.206327872,7.569247565,7.678014383,7.717714112,7.739578727,7.758101203,7.776701204,7.795506387,7.813766607,7.830594889,0.706794772,0.986403525,1.147798041,1.277477428,1.400092712,1.52076994,1.639290931,1.754348533,1.864672686,1.969254365,6.499533099,6.58284404,6.530216343,6.440236684,6.339486015,6.237331263,6.137410273,6.041157854,5.949093921,5.861340524
31-Jan-1995,6.766799037,7.161778985,7.319915811,7.396002307,7.442509576,7.477609712,7.507561079,7.534354471,7.558412868,7.57958484,0.567785342,0.887376944,1.079465352,1.226172776,1.356123358,1.478147214,1.594542801,1.705556097,1.810840808,1.909929583,6.199013695,6.274402042,6.240450458,6.16982953,6.086386218,5.999462498,5.913018279,5.828798374,5.74757206,5.669655256
28-Feb-1995,6.370598995,6.684271528,6.827366483,6.918142032,6.991979713,7.058673464,7.12043573,7.177398119,7.229227849,7.275568317,0.533604014,0.842183656,1.035055306,1.191575056,1.335922074,1.473676631,1.605263001,1.730008199,1.847213702,1.956368009,5.836994981,5.842087872,5.792311177,5.726566976,5.656057639,5.584996832,5.515172729,5.447389919,5.382014148,5.319200308
31-Mar-1995,6.401141866,6.699099748,6.835657581,6.922726159,6.99377089,7.058052449,7.117649693,7.172662675,7.222745868,7.267529259,0.517781665,0.819753468,1.011229642,1.167555927,1.311744959,1.449177233,1.580319818,1.704572158,1.821289082,1.929990088,5.883360201,5.87934628,5.82442794,5.755170232,5.682025931,5.608875216,5.537329875,5.468090517,5.401456786,5.337539171
28-Apr-1995,6.242510279,6.500324109,6.630526901,6.719298076,6.79312518,6.859643198,6.920767904,6.976761597,7.027460062,7.072629735,0.44834492,0.730094052,0.919390931,1.076712981,1.221075461,1.35734838,1.486320916,1.607785329,1.721393395,1.826860487,5.794165359,5.770230056,5.711135969,5.642585095,5.572049719,5.502294817,5.434446988,5.368976268,5.306066667,5.245769247
31-May-1995,5.769719487,5.813139782,5.862482157,5.930210211,6.009832658,6.09375516,6.176685176,6.255438535,6.328227207,6.39409892,0.300958008,0.495062417,0.647588161,0.794059591,0.939490811,1.081639071,1.21780628,1.346147473,1.465613626,1.575688748,5.468761479,5.318077364,5.214893997,5.136150621,5.070341847,5.012116089,4.958878895,4.909291062,4.862613581,4.818410172
30-Jun-1995,5.6813332,5.76217548,5.812814203,5.872186166,5.942005788,6.016954397,6.092183676,6.164436033,6.231738002,6.292955463,0.317199525,0.506031039,0.641607893,0.770633409,0.901142235,1.031087264,1.157300121,1.277431345,1.390030392,1.494284647,5.364133675,5.256144441,5.171206309,5.101552757,5.040863553,4.985867133,4.934883555,4.887004688,4.84170761,4.798670816
31-Jul-1995,5.668796753,5.832078318,5.952353461,6.057465057,6.154149325,6.243560995,6.325672339,6.400340061,6.467496679,6.527148906,0.329681185,0.566009216,0.750124822,0.913017151,1.063726883,1.20448832,1.33576463,1.457643437,1.570173356,1.673426682,5.339115568,5.266069101,5.202228638,5.144447906,5.090422443,5.039072675,4.989907709,4.942696624,4.897323323,4.853722224
31-Aug-1995,5.630094869,5.774709237,5.869518004,5.952619608,6.032089982,6.108292683,6.180185862,6.246814514,6.307529651,6.361932628,0.308701952,0.517856402,0.675621556,0.817400404,0.952056054,1.080600901,1.202390044,1.31671255,1.423077847,1.521197677,5.321392917,5.256852835,5.193896448,5.135219204,5.080033928,5.027691781,4.977795819,4.930101964,4.884451804,4.84073495
29-Sep-1995,5.674637161,5.795194767,5.85344723,5.904737941,5.959551998,6.017093471,6.074759811,6.130345509,6.182313091,6.22965231,0.296793264,0.475731871,0.600347825,0.715430178,0.830423702,0.944733898,1.056104856,1.162639469,1.263046731,1.356509557,5.377843897,5.319462896,5.253099405,5.189307763,5.129128296,5.072359573,5.018654956,4.96770604,4.91926636,4.873142754
31-Oct-1995,5.534347218,5.590563792,5.644154641,5.705724135,5.772578099,5.840630818,5.906856624,5.969333618,6.026896099,6.07884467,0.220768707,0.38033704,0.514358415,0.64299636,0.768906888,0.890707428,1.006805975,1.116094367,1.217899668,1.311839187,5.313578511,5.210226752,5.129796226,5.062727776,5.00367121,4.94992339,4.900050649,4.853239251,4.808996431,4.767005484
30-Nov-1995,5.346127347,5.327464251,5.366984327,5.433186696,5.509599131,5.587732743,5.663265227,5.73399259,5.798782903,5.857054971,0.141343851,0.275206349,0.410308495,0.546399618,0.679580098,0.806959455,0.926925389,1.03868767,1.14190246,1.236454637,5.204783496,5.052257903,4.956675832,4.886787077,4.830019033,4.780773289,4.736339838,4.695304921,4.656880443,4.620600334
29-Dec-1995,5.132097437,5.145451657,5.201543433,5.274537297,5.351587948,5.426931329,5.497993671,5.563596049,5.623172256,5.67643506,0.131646803,0.248856192,0.376556642,0.505203472,0.629310935,0.746544993,0.856049582,0.957567371,1.05105678,1.136544759,5.000450635,4.896595465,4.824986791,4.769333825,4.722277013,4.680386336,4.641944089,4.606028678,4.572115476,4.539890301
31-Jan-1996,4.918276989,4.923805741,5.016090417,5.132667931,5.25099949,5.362958723,5.465825078,5.558899026,5.642213689,5.71604633,0.118423732,0.277011886,0.447085667,0.612522748,0.767083952,0.909234444,1.039126203,1.157376226,1.264640565,1.361494836,4.799853257,4.646793855,4.56900475,4.520145183,4.483915538,4.45372428,4.426698875,4.4015228,4.377573124,4.354551494
29-Feb-1996,5.17617328,5.356438118,5.49642624,5.624956755,5.746584716,5.860586267,5.965843574,6.061723416,6.148029187,6.224829994,0.344773619,0.583370869,0.765711804,0.928772645,1.081734961,1.225752919,1.360381026,1.485171313,1.599924907,1.704644379,4.831399661,4.773067249,4.730714436,4.69618411,4.664849754,4.634833348,4.605462548,4.576552104,4.54810428,4.520185614
29-Mar-1996,5.458454179,5.736446532,5.878026043,5.983507337,6.07898745,6.16944766,6.254713892,6.333819237,6.406000883,6.470809917,0.455424527,0.717341832,0.88050578,1.018361337,1.150355197,1.278963062,1.402819135,1.520305699,1.630271685,1.732023523,5.003029651,5.0191047,4.997520263,4.965146001,4.928632253,4.890484599,4.851894758,4.813513538,4.775729198,4.738786394
30-Apr-1996,5.620090086,5.975149022,6.150611276,6.268843261,6.366683969,6.45448775,6.534809505,6.608079238,6.674246418,6.733216525,0.50949901,0.806657016,0.988468877,1.135045102,1.27043216,1.399801956,1.523265688,1.63997937,1.749177346,1.850342077,5.110591076,5.168492006,5.162142399,5.133798159,5.09625181,5.054685794,5.011543816,4.968099868,4.925069072,4.882874448
31-May-1996,5.725981077,6.160016153,6.367052873,6.491524954,6.582863772,6.658301882,6.724035819,6.782366863,6.834163866,6.87974519,0.52738565,0.843493857,1.034355071,1.180568216,1.309851996,1.430416378,1.544274647,1.651626125,1.752213332,1.845720929,5.198595427,5.316522296,5.332697802,5.310956738,5.273011776,5.227885504,5.179761173,5.130740738,5.081950533,5.034024261
28-Jun-1996,5.73558757,6.077753122,6.23342041,6.333153048,6.415361747,6.490256312,6.559907438,6.624282987,6.682962517,6.735568349,0.504785883,0.787788343,0.955041009,1.089671361,1.215899731,1.338358429,1.456600028,1.569347564,1.675522956,1.774385117,5.230801687,5.289964779,5.278379401,5.243481687,5.199462016,5.151897883,5.10330741,5.054935423,5.007439561,4.961183232
31-Jul-1996,5.835489342,6.15231959,6.312369037,6.416886571,6.499245237,6.570463396,6.634194314,6.691626094,6.74310378,6.788681481,0.443593613,0.720963905,0.90281351,1.0502793,1.183651951,1.308673714,1.426627575,1.537556619,1.64122342,1.737377444,5.39189573,5.431355685,5.409555526,5.366607272,5.315593286,5.261789682,5.207566739,5.154069475,5.101880361,5.051304037
30-Aug-1996,5.83167384,6.271479093,6.459611378,6.570531613,6.656903903,6.733613392,6.804260582,6.869310971,6.928505976,6.981522447,0.612930687,0.937620555,1.114791588,1.250600159,1.376724282,1.499652604,1.619137165,1.733711071,1.842076571,1.943323244,5.218743152,5.333858537,5.34481979,5.319931454,5.280179621,5.233960788,5.185123416,5.1355999,5.086429405,5.038199204
30-Sep-1996,5.701081331,6.037990266,6.210914586,6.327777655,6.422172136,6.504739961,6.578882375,6.645698423,6.705549183,6.758558961,0.486785233,0.769277091,0.953793104,1.10442927,1.241500872,1.370336845,1.491892903,1.606032987,1.712450139,1.810889843,5.214296098,5.268713175,5.257121482,5.223348385,5.180671265,5.134403116,5.086989472,5.039665436,4.993099044,4.947669118
31-Oct-1996,5.479866004,5.69497029,5.842123233,5.957969106,6.056150713,6.142206959,6.21865861,6.28677544,6.347245047,6.400459227,0.312294742,0.548251307,0.732419412,0.890829275,1.033425855,1.16414898,1.284743771,1.396071098,1.498589003,1.592555628,5.167571262,5.146718983,5.109703822,5.067139831,5.022724859,4.978057978,4.933914839,4.890704342,4.848656044,4.807903599
29-Nov-1996,5.379750025,5.535761813,5.627635594,5.704239656,5.77699661,5.847185902,5.913919622,5.976177645,6.033198367,6.08447373,0.282893993,0.469303618,0.605644775,0.728691993,0.847312764,0.962070529,1.071866679,1.175632505,1.272611614,1.362318434,5.096856032,5.066458195,5.021990819,4.975547663,4.929683846,4.885115373,4.842052942,4.800545139,4.760586752,4.722155296
31-Dec-1996,5.57102888,5.825614477,5.97497124,6.078603223,6.159668369,6.227711135,6.286911213,6.339168415,6.385341871,6.42579233,0.315616199,0.548092557,0.721242969,0.865694888,0.994032453,1.111410279,1.220046786,1.320914649,1.41441545,1.500679227,5.255412681,5.27752192,5.253728271,5.212908335,5.165635916,5.116300857,5.066864427,5.018253766,4.970926421,4.925113103
31-Jan-1997,5.584630292,5.855341979,6.014843083,6.12739718,6.217002656,6.293135862,6.359817036,6.418860017,6.471111644,6.516966361,0.350268256,0.600420753,0.782919841,0.934587803,1.06961816,1.193376793,1.307996898,1.414363759,1.512841364,1.603563814,5.234362037,5.254921226,5.231923242,5.192809377,5.147384495,5.099759069,5.051820138,5.004496258,4.95827028,4.913402546
28-Feb-1997,5.697693085,5.99800907,6.155850011,6.256855744,6.332600638,6.395190428,6.449484892,6.497484546,6.539988543,6.577266781,0.36714381,0.617927814,0.79141956,0.932081996,1.056827436,1.171730802,1.278964346,1.37925818,1.472783957,1.55949444,5.330549275,5.380081256,5.364430451,5.324773748,5.275773202,5.223459626,5.170520546,5.118226367,5.067204587,5.017772341
31-Mar-1997,6.014773057,6.363612751,6.532397689,6.633820943,6.707600055,6.768094752,6.820655161,6.867291687,6.908714094,6.945105429,0.454825582,0.742777164,0.929409692,1.076900172,1.207597047,1.328791885,1.442694135,1.549832353,1.650188335,1.743582444,5.559947475,5.620835588,5.602987998,5.556920772,5.500003008,5.439302868,5.377961026,5.317459334,5.258525759,5.201522984
30-Apr-1997,5.889252548,6.196550497,6.344046139,6.435560044,6.505634714,6.565719597,6.619559565,6.668287395,6.712136206,6.751033235,0.422218584,0.685711543,0.856656003,0.994755018,1.119929161,1.237796738,1.349554428,1.455154168,1.554261687,1.646530135,5.467033965,5.510838954,5.487390136,5.440805026,5.385705553,5.327922859,5.270005138,5.213133227,5.157874519,5.104503101
30-May-1997,5.797375035,6.131932191,6.279852848,6.368426472,6.437303195,6.498207473,6.554213211,6.605819063,6.652827385,6.694907814,0.463135258,0.729759849,0.88930776,1.016551817,1.13443651,1.248085263,1.357666512,1.462305943,1.56112354,1.653440157,5.334239777,5.402172342,5.390545087,5.351874655,5.302866685,5.25012221,5.196546699,5.143513121,5.091703845,5.041467657
30-Jun-1997,5.73514845,6.025558453,6.168106046,6.257093087,6.324784811,6.382309364,6.433521437,6.479694217,6.521152436,6.557867921,0.376150653,0.619171295,0.780832737,0.912346895,1.03130546,1.142948252,1.248561823,1.34823531,1.441727385,1.528736836,5.358997797,5.406387159,5.387273309,5.344746192,5.29347935,5.239361112,5.184959614,5.131458907,5.079425051,5.029131085
31-Jul-1997,5.537661922,5.654492823,5.724779962,5.782751314,5.837152752,5.889448347,5.939281517,5.985974034,6.028893031,6.06751773,0.220329407,0.38041913,0.507697604,0.624352992,0.735935287,0.843017112,0.945080991,1.041520519,1.131836164,1.215644375,5.317332515,5.274073693,5.217082358,5.158398322,5.101217465,5.046431235,4.994200525,4.944453515,4.897056867,4.851873355
29-Aug-1997,5.700341088,5.916405268,6.024946467,6.100182631,6.164246754,6.223127821,6.278043684,6.328903639,6.375327549,6.416929227,0.338998648,0.554575695,0.70269286,0.829382325,0.948222863,1.062020162,1.17070766,1.273662174,1.370288895,1.460128157,5.361342439,5.361829572,5.322253606,5.270800306,5.216023892,5.161107659,5.107336024,5.055241466,5.005038655,4.95680107
30-Sep-1997,5.597932735,5.749015524,5.837612853,5.907716894,5.970501766,6.028749111,6.082924417,6.132869901,6.178285071,6.218865041,0.285088002,0.457645646,0.595750123,0.721191827,0.839622477,0.952076972,1.05845832,1.158463424,1.251797004,1.338211385,5.312844734,5.291369877,5.241862731,5.186525067,5.130879289,5.076672139,5.024466097,4.974406477,4.926488067,4.880653656
31-Oct-1997,5.501590423,5.597709557,5.642985086,5.681355038,5.721983292,5.764883051,5.808300751,5.850551183,5.890335184,5.926702212,0.210278486,0.347644814,0.451232582,0.549557909,0.648168199,0.746212878,0.841875198,0.933634822,1.020400427,1.101415016,5.291311937,5.250064743,5.191752504,5.131797128,5.073815093,5.018670172,4.966425553,4.916916362,4.869934757,4.825287196
28-Nov-1997,5.64742339,5.735379838,5.758146999,5.768701334,5.780805077,5.796623932,5.815278783,5.83532003,5.855381264,5.874313992,0.16691248,0.27586246,0.356990457,0.434788857,0.514365872,0.595109119,0.675377342,0.753664223,0.828775798,0.899790869,5.48051091,5.459517378,5.401156542,5.333912477,5.266439205,5.201514812,5.13990144,5.081655807,5.026605466,4.974523123
31-Dec-1997,5.560167802,5.61605818,5.633897855,5.646996469,5.663087073,5.682667001,5.704513674,5.727200121,5.749459037,5.770238068,0.127873295,0.224045757,0.305945765,0.387183968,0.469666553,0.552233739,0.633394886,0.711899735,0.786769204,0.857237336,5.432294507,5.392012423,5.32795209,5.2598125,5.19342052,5.130433262,5.071118788,5.015300386,4.962689833,4.913000732
30-Jan-1998,5.32382902,5.301616446,5.299207165,5.322339529,5.362735172,5.412192359,5.464989638,5.517499105,5.567475517,5.613525111,0.135165725,0.226253864,0.309811325,0.402028051,0.501177527,0.602586064,0.702508398,0.798490451,0.889021831,0.97318971,5.188663295,5.075362581,4.98939584,4.920311478,4.861557645,4.809606295,4.762481241,4.719008654,4.678453685,4.640335401
27-Feb-1998,5.475026293,5.503975228,5.514319953,5.531060011,5.556341508,5.587395477,5.621234996,5.655542159,5.688640678,5.719326267,0.135912578,0.231681172,0.313990941,0.399034698,0.487707968,0.577509731,0.666016679,0.751454977,0.832599364,0.908601486,5.339113715,5.272294056,5.200329012,5.132025313,5.068633539,5.009885746,4.955218317,4.904087182,4.856041314,4.810724781
31-Mar-1998,5.491507309,5.558802696,5.579143735,5.594916432,5.615149492,5.639870021,5.667244974,5.695424106,5.722901881,5.748513573,0.153465338,0.255495218,0.335291265,0.414638812,0.496926847,0.580621169,0.663632422,0.744264335,0.82126714,0.893730166,5.338041971,5.303307479,5.24385247,5.180277619,5.118222645,5.059248852,5.003612553,4.951159771,4.901634741,4.854783407
30-Apr-1998,5.46230556,5.551038125,5.566649683,5.581572457,5.608079207,5.643928378,5.684818425,5.727209922,5.768615532,5.807363373,0.251071437,0.370450377,0.442671657,0.516426981,0.599514682,0.688834632,0.780118933,0.870075666,0.956484446,1.037907256,5.211234123,5.180587748,5.123978026,5.065145476,5.008564525,4.955093745,4.904699491,4.857134257,4.812131086,4.769456117
29-May-1998,5.466357812,5.503394048,5.508814293,5.519979529,5.540926626,5.568881034,5.6005396,5.633299123,5.665279104,5.695138563,0.165382971,0.251258777,0.323217808,0.40041008,0.48356865,0.569535986,0.655326524,0.738778932,0.818418833,0.893240744,5.300974841,5.252135271,5.185596485,5.11956945,5.057357977,4.999345048,4.945213076,4.894520191,4.846860271,4.801897819
30-Jun-1998,5.418161043,5.472088198,5.462541909,5.451913359,5.452107355,5.462152995,5.478755245,5.498892271,5.520237525,5.541072629,0.149604126,0.218808715,0.263610273,0.314917454,0.376423541,0.444838417,0.516390719,0.588169745,0.658119073,0.724803553,5.268556918,5.253279482,5.198931636,5.136995904,5.075683814,5.017314577,4.962364526,4.910722526,4.862118453,4.816269076
31-Jul-1998,5.391189979,5.464811478,5.472365343,5.472829691,5.479474673,5.492967043,5.511197299,5.531898314,5.553201437,5.573660803,0.143663136,0.224913985,0.28107619,0.339852308,0.405481852,0.475799186,0.547927895,0.619542784,0.688941974,0.754896753,5.247526844,5.239897493,5.191289154,5.132977382,5.073992821,5.017167858,4.963269403,4.91235553,4.864259463,4.81876405
31-Aug-1998,5.054861741,4.990302924,4.951842495,4.947512612,4.967450939,5.001537041,5.042564511,5.085874578,5.128524752,5.168646828,0.064698004,0.100165186,0.140675775,0.199934743,0.273399809,0.354174501,0.437002574,0.518449443,0.596368477,0.669424179,4.990163737,4.890137738,4.811166721,4.747577869,4.69405113,4.64736254,4.605561936,4.567425135,4.532156275,4.499222649
30-Sep-1998,4.520458221,4.376388328,4.289504277,4.273601406,4.306772831,4.367572111,4.441267868,4.518810136,4.594897384,4.66650426,0.096857022,0.100889036,0.100371795,0.136378696,0.203608017,0.28885552,0.381551,0.474847657,0.564665738,0.648682873,4.423601198,4.275499292,4.189132482,4.13722271,4.103164814,4.078716592,4.059716868,4.043962479,4.030231646,4.017821387
30-Oct-1998,4.406710627,4.307142871,4.266188917,4.295520203,4.371206849,4.470733451,4.579047641,4.687210344,4.79023812,4.885499772,0.191028858,0.254382289,0.295180026,0.365382217,0.462707337,0.574681566,0.690969559,0.804927737,0.912725221,1.01231919,4.215681769,4.052760582,3.971008891,3.930137986,3.908499512,3.896051885,3.888078082,3.882282608,3.877512899,3.873180582
30-Nov-1998,4.625248331,4.588759118,4.572188095,4.589481098,4.630950131,4.685698017,4.745936633,4.806741455,4.865127629,4.919309843,0.084860753,0.126253307,0.165866341,0.224627652,0.299006067,0.381512687,0.46622906,0.549295697,0.628356906,0.702009218,4.540387578,4.462505811,4.406321755,4.364853447,4.331944064,4.304185331,4.279707572,4.257445758,4.236770724,4.217300625
31-Dec-1998,4.60541513,4.583710452,4.58084699,4.610343757,4.662473518,4.726454765,4.79466556,4.862352816,4.926690091,4.986031405,0.108079096,0.16562822,0.216945476,0.285009093,0.367120697,0.456180457,0.546493405,0.634355303,0.71753202,0.794720812,4.497336034,4.418082232,4.363901514,4.325334664,4.295352821,4.270274308,4.248172155,4.227997513,4.209158072,4.191310593
29-Jan-1999,4.639740449,4.609518658,4.563154845,4.562048866,4.600702025,4.663468792,4.737733841,4.81525282,4.891048783,4.962236545,0.213202171,0.267628458,0.281819136,0.321415924,0.389663494,0.475841942,0.569923576,0.665053598,0.75702632,0.843396158,4.426538277,4.341890201,4.281335709,4.240632942,4.211038531,4.187626851,4.167810265,4.150199222,4.134022463,4.118840388
26-Feb-1999,4.990664707,5.123338505,5.169063848,5.210416822,5.261739173,5.320753262,5.382881616,5.444462239,5.503044447,5.557090135,0.277822943,0.411103749,0.485274178,0.559515942,0.643907812,0.735162498,0.828466884,0.920133673,1.007739733,1.089781048,4.712841765,4.712234756,4.68378967,4.650900879,4.617831361,4.585590764,4.554414732,4.524328566,4.495304714,4.467309086
31-Mar-1999,4.844398169,4.992241361,5.06045068,5.126812719,5.202906383,5.285094172,5.36825819,5.448628611,5.523856044,5.592592415,0.317954022,0.476906983,0.570038309,0.660994816,0.760671713,0.865741464,0.971296219,1.073651231,1.170470538,1.260384624,4.526444146,4.515334378,4.490412371,4.465817903,4.44223467,4.419352708,4.396961971,4.37497738,4.353385507,4.332207792
30-Apr-1999,4.898322103,5.061152833,5.121815684,5.177552085,5.244643493,5.320010299,5.398133137,5.474754272,5.547141175,5.613676556,0.345217899,0.503956955,0.586060326,0.666423672,0.758363759,0.858301729,0.96061081,1.060989288,1.156666602,1.245985883,4.553104204,4.557195878,4.535755359,4.511128412,4.486279734,4.46170857,4.437522327,4.413764985,4.390474573,4.367690673
27-May-1999,5.117696042,5.396199475,5.5177736,5.593362766,5.655708457,5.713397412,5.76798641,5.819196486,5.866409972,5.909059186,0.339840198,0.532200445,0.644865297,0.738326252,0.829272133,0.919974921,1.009222417,1.095422825,1.17729314,1.253908476,4.777855844,4.86399903,4.872908303,4.855036514,4.826436325,4.793422491,4.758763993,4.723773661,4.689116833,4.65515071
30-Jun-1999,5.239479362,5.479415184,5.571542077,5.641486928,5.715620524,5.794766239,5.875029405,5.952886512,6.025967402,6.092849658,0.457735197,0.671405584,0.781496989,0.879344933,0.984514619,1.095723163,1.20820191,1.317986581,1.422452741,1.520017533,4.781744166,4.8080096,4.790045088,4.762141995,4.731105905,4.699043075,4.666827495,4.634899931,4.603514661,4.572832125
30-Jul-1999,5.303408502,5.581664036,5.714331882,5.805340733,5.883981908,5.957288393,6.026191311,6.090229171,6.148806324,6.201464735,0.394952023,0.621408335,0.760628113,0.877353606,0.989275509,1.098911201,1.205168646,1.306588214,1.402042369,1.490771804,4.908456479,4.960255701,4.953703769,4.927987127,4.8947064,4.858377192,4.821022665,4.783640956,4.746763955,4.710692931
31-Aug-1999,5.482025748,5.701364803,5.79548722,5.870442848,5.948033535,6.028719692,6.109130568,6.186278517,6.258175949,6.323643177,0.452650605,0.678339546,0.808881469,0.92492377,1.044155175,1.166000072,1.28671038,1.403117186,1.5131293,1.615502879,5.029375144,5.023025257,4.986605751,4.945519078,4.903878359,4.862719619,4.822420188,4.783161331,4.745046649,4.708140298
30-Sep-1999,5.381903291,5.590128586,5.679819248,5.757806346,5.843225081,5.934083903,6.025416191,6.113334504,6.195397401,6.270230552,0.471584955,0.700582011,0.829149717,0.945581924,1.068044313,1.19483645,1.321170367,1.443207051,1.558490515,1.66560975,4.910318335,4.889546575,4.850669531,4.812224422,4.775180768,4.739247453,4.704245824,4.670127453,4.636906886,4.604620802
29-Oct-1999,5.553556687,5.761211157,5.833456641,5.892326268,5.960762907,6.037311883,6.116705323,6.194622754,6.2682389,6.335873746,0.483788335,0.705150517,0.820464358,0.924937439,1.038144063,1.158129872,1.279558448,1.398106858,1.510954496,1.616426065,5.069768352,5.05606064,5.012992283,4.967388829,4.922618844,4.879182011,4.837146875,4.796515896,4.757284404,4.719447681
30-Nov-1999,5.782402717,5.944047679,5.98482682,6.024829876,6.082877272,6.154219474,6.23143062,6.308876507,6.382956061,6.451537252,0.49406732,0.709667413,0.817742102,0.919445533,1.034016649,1.158013592,1.28486053,1.409424436,1.528406288,1.639866531,5.288335397,5.234380266,5.167084718,5.105384343,5.048860624,4.996205882,4.94657009,4.899452072,4.854549773,4.811670722
31-Dec-1999,5.997129741,6.179367038,6.237408768,6.289165374,6.353923758,6.428463971,6.506686401,6.583865058,6.656968012,6.724205627,0.539680777,0.773564563,0.902720384,1.021603601,1.148818095,1.282036351,1.415822718,1.545862573,1.669382504,1.784766092,5.457448964,5.405802475,5.334688384,5.267561773,5.205105663,5.14642762,5.090863683,5.038002485,4.987585508,4.939439535
31-Jan-2000,6.279229207,6.542450636,6.607583771,6.622699351,6.630014778,6.639847098,6.653304129,6.669167595,6.685884602,6.702079324,0.429545893,0.631701247,0.735355818,0.818751553,0.90312255,0.991176534,1.081093678,1.170543863,1.257603366,1.340835203,5.849683314,5.910749389,5.872227953,5.803947798,5.726892228,5.648670564,5.572210452,5.498623732,5.428281236,5.361244122
29-Feb-2000,6.252213985,6.447538111,6.519364013,6.544705097,6.552474704,6.554238928,6.554541763,6.554907211,6.555524865,6.556008471,0.257302505,0.421447808,0.543942933,0.646317288,0.738393079,0.824568449,0.90667987,0.985300248,1.060374629,1.131554869,5.99491148,6.026090303,5.975421081,5.89838781,5.814081626,5.729670479,5.647861893,5.569606963,5.495150236,5.424453602
31-Mar-2000,6.334630718,6.408230096,6.35256417,6.287170011,6.238402214,6.20751084,6.190302827,6.182364199,6.180144614,6.18097135,0.264368301,0.350401657,0.377526631,0.409422907,0.457734603,0.519378229,0.589119193,0.662597391,0.736650319,0.809056951,6.070262416,6.057828439,5.975037539,5.877747104,5.780667611,5.68813261,5.601183634,5.519766808,5.443494295,5.371914399
28-Apr-2000,6.46789492,6.581059126,6.547270546,6.489162982,6.438374287,6.400394651,6.373747024,6.355589902,6.343224199,6.33440571,0.269341608,0.366221143,0.406535034,0.445569323,0.495353884,0.554928178,0.620824379,0.689813212,0.759372554,0.827608808,6.198553312,6.214837983,6.140735512,6.043593659,5.943020403,5.845466473,5.752922645,5.665776689,5.583851645,5.506796903
31-May-2000,6.623169817,6.654555721,6.579209351,6.50876885,6.461382429,6.434423843,6.421977103,6.418869324,6.421224258,6.426242133,0.338289664,0.412609069,0.443654605,0.48651489,0.547838238,0.622510259,0.704534189,0.789306544,0.873632425,0.95534224,6.284880153,6.241946653,6.135554747,6.02225396,5.913544191,5.811913584,5.717442914,5.629562781,5.547591833,5.470899893
30-Jun-2000,6.383799123,6.34177818,6.249506449,6.183711657,6.14996731,6.139930042,6.144979903,6.158691046,6.176653685,6.19589289,0.262401091,0.331710625,0.364536235,0.413717781,0.48365789,0.567540091,0.658370537,0.751057535,0.84222498,0.929690046,6.121398032,6.010067555,5.884970214,5.769993876,5.66630942,5.572389951,5.486609366,5.407633511,5.334428705,5.266202844
31-Jul-2000,6.360780834,6.275428007,6.197124512,6.144343316,6.113546615,6.098392455,6.093566643,6.095142078,6.100272257,6.106869686,0.110955684,0.163238575,0.2186348,0.286950031,0.365161698,0.448694933,0.53393784,0.618358346,0.700200132,0.778217679,6.24982515,6.112189432,5.978489712,5.857393284,5.748384918,5.649697522,5.559628803,5.476783733,5.400072125,5.328652007
31-Aug-2000,6.261250165,6.111150022,6.003017514,5.937455068,5.902468945,5.88744317,5.884854661,5.889620487,5.898286984,5.908450589,0.062240719,0.086373157,0.126245244,0.186837235,0.261668406,0.34406156,0.429221776,0.513980884,0.596254698,0.674638908,6.199009446,6.024776865,5.87677227,5.750617833,5.64080054,5.54338161,5.455632885,5.375639603,5.302032287,5.233811681
29-Sep-2000,6.176098151,5.938415971,5.820716832,5.782001719,5.788931126,5.82029852,5.863509317,5.911210007,5.959084193,6.004560421,0.10953456,0.157654086,0.226227432,0.322293514,0.435504626,0.555822706,0.676477951,0.793393582,0.90422755,1.00767062,6.06656359,5.780761885,5.5944894,5.459708205,5.353426499,5.264475815,5.187031366,5.117816425,5.054856642,4.996889801
31-Oct-2000,6.19529085,5.907631289,5.784401376,5.743623265,5.744007725,5.764875415,5.795465989,5.829885028,5.864716712,5.897871312,-0.000144397,0.015733785,0.088356613,0.190279604,0.303832792,0.419649138,0.532919357,0.641149434,0.743006923,0.837754555,6.195435247,5.891897504,5.696044763,5.553343661,5.440174933,5.345226277,5.262546632,5.188735594,5.121709789,5.060116757
30-Nov-2000,5.943540753,5.621852172,5.468633473,5.411466635,5.406929267,5.430171433,5.467150986,5.509863714,5.553653467,5.595743293,-0.014891478,-0.018462363,0.024879408,0.105099965,0.205935939,0.315420911,0.426176162,0.533929027,0.636261572,0.731818946,5.958432231,5.640314535,5.443754066,5.306366669,5.200993327,5.114750523,5.040974824,4.975934688,4.917391895,4.863924346
29-Dec-2000,5.446303121,5.143417953,5.030050537,5.012929103,5.043571289,5.096641963,5.158766439,5.222761793,5.284692245,5.342362317,-0.033144415,-0.026140635,0.035842091,0.132665796,0.245981506,0.36416354,0.480629457,0.591831079,0.695913521,0.791943247,5.479447535,5.169558588,4.994208446,4.880263307,4.797589783,4.732478423,4.678136982,4.630930714,4.588778724,4.55041907
31-Jan-2001,4.731727523,4.664406136,4.724955329,4.825112717,4.933258792,5.037962072,5.135212563,5.223746746,5.303309767,5.374006071,0.02427503,0.133487417,0.280225329,0.431655983,0.575542163,0.708407075,0.829806456,0.94017882,1.040120099,1.130173296,4.707452492,4.53091872,4.44473,4.393456734,4.357716629,4.329554997,4.305406107,4.283567926,4.263189669,4.243832775
28-Feb-2001,4.541336154,4.459421494,4.519362602,4.624248404,4.738962956,4.850591805,4.954501663,5.049187293,5.134324595,5.210026125,0.003305968,0.103202344,0.246231923,0.39647563,0.540165256,0.673099127,0.794507324,0.904697958,1.004230937,1.093657413,4.538030186,4.356219149,4.273130679,4.227772775,4.1987977,4.177492678,4.159994339,4.144489335,4.130093658,4.116368711
30-Mar-2001,4.168661212,4.209474952,4.346199004,4.506241231,4.663996584,4.810730861,4.943957761,5.063465659,5.169814168,5.263770108,0.107277054,0.269548844,0.446868714,0.619231044,0.779140899,0.924791725,1.056428825,1.174887935,1.281073797,1.375802018,4.061384158,3.939926109,3.899330289,3.887010187,3.884855685,3.885939136,3.887528936,3.888577724,3.888740372,3.887968089
30-Apr-2001,4.068398753,4.3263731,4.572662954,4.790139467,4.979120452,5.143274302,5.286328934,5.411335548,5.520642077,5.616032798,0.244647163,0.502931389,0.7281751,0.923521842,1.094005785,1.24406807,1.377077183,1.495451348,1.600905396,1.694669566,3.82375159,3.823441711,3.844487854,3.866617625,3.885114667,3.899206232,3.909251751,3.9158842,3.919736681,3.921363233
31-May-2001,3.828558379,4.254674827,4.575945644,4.82845774,5.034737618,5.207805804,5.355550383,5.482997018,5.593492933,5.689357918,0.334696397,0.651977591,0.895405008,1.092436612,1.258659342,1.40260773,1.529209122,1.641459569,1.741267026,1.829902077,3.493861982,3.602697236,3.680540636,3.736021128,3.776078276,3.805198074,3.826341262,3.841537449,3.852225907,3.859455841
29-Jun-2001,3.88097308,4.283295641,4.596043089,4.845008661,5.048970515,5.21994459,5.365640205,5.491104359,5.599728833,5.693862053,0.324011845,0.628521089,0.870811841,1.069411561,1.23710943,1.381935071,1.508911043,1.621215474,1.720901403,1.80933443,3.556961236,3.654774552,3.725231247,3.775597099,3.811861084,3.838009519,3.856729162,3.869888885,3.87882743,3.884527623
31-Jul-2001,3.496904406,3.8125786,4.129278323,4.399578248,4.623601501,4.809981309,4.966897031,5.100496589,5.215115206,5.31377735,0.16256848,0.434752589,0.691045159,0.907830989,1.087655017,1.238198878,1.366203935,1.476498921,1.572328774,1.655844956,3.334335926,3.377826011,3.438233164,3.491747259,3.535946484,3.571782431,3.600693095,3.623997668,3.642786433,3.657932394
31-Aug-2001,3.33429641,3.661494182,3.98276688,4.255250541,4.480833806,4.668632044,4.826914497,4.96182307,5.077675378,5.177485403,0.150671491,0.419847222,0.670160092,0.880897326,1.055424932,1.201433114,1.325500117,1.432301367,1.524970875,1.605585899,3.183624919,3.24164696,3.312606787,3.374353215,3.425408874,3.46719893,3.50141438,3.529521703,3.552704503,3.571899504
28-Sep-2001,2.488178644,2.892187112,3.317903722,3.69476043,4.015314989,4.286675946,4.51760604,4.715471697,4.885921342,5.033198575,0.244440266,0.583862213,0.900149628,1.168352273,1.391065228,1.57676689,1.733196562,1.866168901,1.979829065,2.077122109,2.243738378,2.308324899,2.417754094,2.526408158,2.624249762,2.709909056,2.784409479,2.849302796,2.906092277,2.956076466
31-Oct-2001,2.028686174,2.475197404,2.945814326,3.35060268,3.684518777,3.959786628,4.189170144,4.382617842,4.547320286,4.688402723,0.145769873,0.47733947,0.803135069,1.074666265,1.29224314,1.466960847,1.609265856,1.726850516,1.824991711,1.907259797,1.882916301,1.997857934,2.142679258,2.275936414,2.392275637,2.492825781,2.579904288,2.655767326,2.722328576,2.781142926
30-Nov-2001,2.087449605,2.835098495,3.422348776,3.873904336,4.226947163,4.509773147,4.741576868,4.935041885,5.098602002,5.23798481,0.398802502,0.851548711,1.213412726,1.491641291,1.707511929,1.879021554,2.018642714,2.134501594,2.231828799,2.314031455,1.688647103,1.983549784,2.20893605,2.382263044,2.519435234,2.630751593,2.722934154,2.800540292,2.866773203,2.923953355
31-Dec-2001,2.104319874,3.03831479,3.717645313,4.20567451,4.565501187,4.840085397,5.056597907,5.23197939,5.376892494,5.498193141,0.42721401,0.946603629,1.345341599,1.635651469,1.848624741,2.009563567,2.135405166,2.236758884,2.320136184,2.389539991,1.677105865,2.091711162,2.372303714,2.570023042,2.716876446,2.83052183,2.921192741,2.995220506,3.05675631,3.10865315
31-Jan-2002,2.275212362,3.118805557,3.73828141,4.190467951,4.529319136,4.791748536,5.001301935,5.172797339,5.315654602,5.435995269,0.422485072,0.895708043,1.263794698,1.537125177,1.742028165,1.900147864,2.026094752,2.129099829,2.214884406,2.287007147,1.852727291,2.223097514,2.474486712,2.653342774,2.787290972,2.891600672,2.975207183,3.043697509,3.100770196,3.148988123
28-Feb-2002,2.198467926,3.011755,3.59893935,4.034723496,4.37081953,4.639025732,4.858876834,5.042640235,5.198259386,5.331057019,0.470636326,0.935251103,1.27965167,1.537359724,1.73664365,1.896073552,2.027206289,2.137178698,2.230457972,2.309913097,1.727831599,2.076503897,2.319287681,2.497363772,2.63417588,2.742952181,2.831670545,2.905461537,2.967801414,3.021143922
28-Mar-2002,2.741312841,3.675966231,4.277948069,4.694241682,5.000614624,5.237567623,5.427770214,5.58450189,5.715888915,5.827116315,0.61320626,1.105143374,1.443732057,1.686379905,1.86992668,2.015649707,2.135719389,2.237177559,2.32418256,2.3992554,2.12810658,2.570822856,2.834216012,3.007861777,3.130687945,3.221917917,3.292050825,3.347324332,3.391706355,3.427860915
30-Apr-2002,2.311495626,3.212916571,3.835607833,4.276354297,4.601764538,4.852128867,5.051550799,5.214654721,5.350535226,5.465020898,0.464589955,0.949037321,1.302902741,1.558414766,1.748191667,1.894676326,2.011902486,2.108376734,2.189234237,2.257607485,1.846905671,2.26387925,2.532705092,2.717939531,2.853572871,2.957452541,3.039648313,3.106277987,3.161300989,3.207413413
31-May-2002,2.332465609,3.152047198,3.703796589,4.112250882,4.434912038,4.700083361,4.923236336,5.113707496,5.277604018,5.419174612,0.594241691,1.060950179,1.375135419,1.609366601,1.797636053,1.955560383,2.090992603,2.208344349,2.310364335,2.398917391,1.738223918,2.091097019,2.32866117,2.502884281,2.637275985,2.744522977,2.832243733,2.905363147,2.967239683,3.020257222
28-Jun-2002,2.068389883,2.829127389,3.402480052,3.842911451,4.191799159,4.475814977,4.711998994,4.911450558,5.081614011,5.227648394,0.464393326,0.920962691,1.265764706,1.529915788,1.738603839,1.90832198,2.049467397,2.16861372,2.270008703,2.35648633,1.603996558,1.908164698,2.136715345,2.312995663,2.45319532,2.567492997,2.662531596,2.742836839,2.811605308,2.871162065
31-Jul-2002,1.719332814,2.209261868,2.748383713,3.226720761,3.631148456,3.970830693,4.25771694,4.501926134,4.711216826,4.891406407,0.251227305,0.663745535,1.053077974,1.379263011,1.644846968,1.861598788,2.040408841,2.189458808,2.314565372,2.419847621,1.468105509,1.545516333,1.695305739,1.847457751,1.986301488,2.109231905,2.217308099,2.312467326,2.396651453,2.471558786
30-Aug-2002,1.729494339,2.098624933,2.52594152,2.932034754,3.296612399,3.617658171,3.898621468,4.144129644,4.3586102,4.545919324,0.286162131,0.622770856,0.930352537,1.200413729,1.434181596,1.635713732,1.809298038,1.958693915,2.087018508,2.196819425,1.443332208,1.475854077,1.595588982,1.731621025,1.862430803,1.981944439,2.089323431,2.185435729,2.271591692,2.3490999
30-Sep-2002,1.492049389,1.696628397,2.0316899,2.398218011,2.754704916,3.084715154,3.383058177,3.649475265,3.885735395,4.094307606,0.263004705,0.530624544,0.785467329,1.028335496,1.253684597,1.457792801,1.639455383,1.799111817,1.938037831,2.057836993,1.229044684,1.166003854,1.246222571,1.369882515,1.501020319,1.626922353,1.743602794,1.850363448,1.947697564,2.036470613
31-Oct-2002,1.386177483,1.680820229,2.093415487,2.519626774,2.921347429,3.286061695,3.611575484,3.899712442,4.153661348,4.376868961,0.330155534,0.671786338,0.984951913,1.27084258,1.527710364,1.755324791,1.954968663,2.12872729,2.27895231,2.407961883,1.056021949,1.009033891,1.108463574,1.248784195,1.393637066,1.530736904,1.656606821,1.770985151,1.874709038,1.968907078
29-Nov-2002,1.530820466,2.07684197,2.566248769,2.997606851,3.375449251,3.705604761,3.993956931,4.245879414,4.466040849,4.658398139,0.449518839,0.842700018,1.154335105,1.415855942,1.640802282,1.835798934,2.005016099,2.151597434,2.278114089,2.38672889,1.081301627,1.234141953,1.411913663,1.581750909,1.734646969,1.869805827,1.988940832,2.09428198,2.187926759,2.271669249
31-Dec-2002,1.244583239,1.583574671,2.017465021,2.447375628,2.842462338,3.195372494,3.507015645,3.780929072,4.021183007,4.231634492,0.285153427,0.61679436,0.925929457,1.203461575,1.447705459,1.660424391,1.844562773,2.003232067,2.139321274,2.255378313,0.959429811,0.966780311,1.091535564,1.243914053,1.394756879,1.534948103,1.662452873,1.777697005,1.881861733,1.976256179
31-Jan-2003,1.281322969,1.713134427,2.205976346,2.660598193,3.057745769,3.399978387,3.694665564,3.949137312,4.169557475,4.360872934,0.247662153,0.602104124,0.939609258,1.230760825,1.475058204,1.679394062,1.850933642,1.995487069,2.117478089,2.220247891,1.033660816,1.111030303,1.266367087,1.429837369,1.582687565,1.720584325,1.843731922,1.953650243,2.052079386,2.140625044
28-Feb-2003,1.219325538,1.517565095,1.931550332,2.346762619,2.728368127,3.068446439,3.368064324,3.630937059,3.861209229,4.062725152,0.217592948,0.513247971,0.807220835,1.074565329,1.309239345,1.512377465,1.687151369,1.836952686,1.964841821,2.073435271,1.001732591,1.004317124,1.124329497,1.27219729,1.419128782,1.556068974,1.680912955,1.793984373,1.896367408,1.989289881
31-Mar-2003,1.166924934,1.529048175,1.989089625,2.434110039,2.834394757,3.186101708,3.492984158,3.760422816,3.993576872,4.196909743,0.240995487,0.573182263,0.895916773,1.182183377,1.428370232,1.638226052,1.816796293,1.96866081,2.097598484,2.206652442,0.925929447,0.955865913,1.093172852,1.251926662,1.406024525,1.547875657,1.676187865,1.791762006,1.895978388,1.990257301
30-Apr-2003,1.156810299,1.520513557,2.007534244,2.471575083,2.879571515,3.230836998,3.532475722,3.792226217,4.016699073,4.211189529,0.168828883,0.499270264,0.845699121,1.15053849,1.4055774,1.616880035,1.79241314,1.938901688,2.061469915,2.163939563,0.987981416,1.021243293,1.161835122,1.321036593,1.473994115,1.613956963,1.740062581,1.853324529,1.955229158,2.047249966
30-May-2003,1.13423636,1.31681054,1.625541145,1.974050412,2.320394221,2.645669273,2.94260129,3.209532559,3.447366233,3.658054706,0.239610615,0.463411535,0.677975269,0.890379476,1.093770525,1.281827971,1.451256197,1.601103435,1.731781643,1.844371799,0.894625745,0.853399005,0.947565876,1.083670936,1.226623696,1.363841302,1.491345093,1.608429125,1.71558459,1.813682907
30-Jun-2003,1.029117826,1.317644407,1.706888957,2.104971507,2.478388731,2.816572551,3.118056081,3.384810619,3.619907729,3.826568416,0.244667986,0.516397435,0.778203001,1.021201591,1.240368306,1.434360995,1.603948849,1.750850577,1.877086576,1.984661381,0.78444984,0.801246972,0.928685956,1.083769916,1.238020425,1.382211556,1.514107232,1.633960041,1.742821153,1.841907035
31-Jul-2003,1.255398915,1.806712272,2.385932233,2.910365091,3.366199454,3.758472173,4.096073628,4.387472301,4.63976062,4.858662942,0.428601599,0.886184479,1.291310911,1.6340121,1.920887723,2.161585663,2.364555726,2.536385854,2.682082673,2.805473536,0.826797316,0.920527793,1.094621322,1.276352991,1.445311731,1.59688651,1.731517902,1.851086446,1.957677948,2.053189406
29-Aug-2003,1.298797057,1.931261265,2.53498333,3.049151878,3.477002062,3.833853305,4.134225654,4.389456937,4.60797094,4.795997921,0.362535211,0.8082451,1.203286847,1.526598427,1.787206999,1.998780436,2.172651916,2.317039886,2.437712668,2.538741765,0.936261846,1.123016165,1.331696483,1.522553451,1.689795063,1.835072869,1.961573738,2.072417052,2.170258272,2.257256156
30-Sep-2003,1.07861877,1.467998995,1.961127224,2.43336355,2.854076606,3.220871398,3.53902187,3.815053228,4.054912085,4.26359166,0.249027553,0.604248054,0.952208426,1.258225665,1.518356989,1.737770342,1.922885866,2.079278455,2.211388009,2.32268675,0.829591217,0.863750941,1.008918797,1.175137885,1.335719617,1.483101056,1.616136004,1.735774773,1.843524075,1.94090491
31-Oct-2003,1.274448099,1.837545024,2.386289348,2.868925859,3.282771435,3.636477569,3.939817745,4.201174812,4.427240324,4.62326616,0.377083235,0.790689688,1.14979745,1.449923529,1.699423779,1.907925656,2.083329324,2.231585294,2.357108066,2.463209111,0.897364865,1.046855336,1.236491897,1.41900233,1.583347656,1.728551913,1.856488421,1.969589518,2.070132257,2.160057049
28-Nov-2003,1.434740003,2.042751929,2.562925879,3.005779129,3.384327546,3.70962059,3.990529394,4.234065995,4.445765196,4.630019391,0.445872412,0.846574907,1.16333856,1.423583951,1.642511518,1.828952246,1.988653618,2.125695655,2.243144369,2.343390283,0.98886759,1.196177022,1.39958732,1.582195178,1.741816028,1.880668343,2.001875776,2.108370339,2.202620827,2.286629107
31-Dec-2003,1.242257457,1.813296965,2.362126259,2.838979824,3.243947485,3.587604771,3.880832334,4.13257941,4.349788174,4.537788796,0.345944984,0.747015065,1.098349069,1.390294265,1.630783444,1.830020059,1.996437836,2.136306789,2.254186308,2.353422797,0.896312472,1.0662819,1.26377719,1.448685559,1.613164041,1.757584712,1.884394497,1.996272622,2.095601866,2.184365999
30-Jan-2004,1.265352414,1.820437093,2.343563499,2.797210764,3.183483111,3.512430054,3.794022355,4.036433725,4.246031511,4.427734612,0.333089581,0.709900875,1.036431262,1.308236217,1.533403969,1.721065075,1.87861073,2.011539062,2.123878741,2.218615718,0.932262833,1.110536217,1.307132237,1.488974547,1.650079142,1.791364979,1.915411625,2.024894663,2.12215277,2.209118894
27-Feb-2004,1.15760482,1.633796704,2.151944072,2.614604435,3.008818619,3.342220167,3.625403811,3.867552072,4.075822589,4.255655838,0.207521646,0.556381676,0.895538654,1.183363032,1.419063485,1.611669647,1.77021945,1.901721774,2.011261552,2.102495748,0.950083174,1.077415028,1.256405418,1.431241403,1.589755134,1.73055052,1.855184361,1.965830299,2.064561036,2.15316009
31-Mar-2004,1.16174609,1.566472852,2.012364732,2.433413907,2.811959665,3.146222052,3.439482658,3.696244747,3.920909889,4.11737815,0.289689333,0.610745134,0.901060037,1.156697756,1.379013343,1.571180835,1.736688241,1.878764439,2.000216998,2.103427913,0.872056757,0.955727718,1.111304695,1.276716151,1.432946322,1.575041216,1.702794418,1.817480309,1.920692891,2.013950237
30-Apr-2004,1.620167357,2.332550658,2.873910484,3.306971362,3.665077575,3.967259459,4.225520652,4.448041269,4.640706244,4.807914495,0.5013266,0.922876309,1.232440954,1.476047319,1.676734797,1.846166178,1.990956211,2.115305834,2.222129138,2.313577724,1.118840757,1.409674349,1.64146953,1.830924042,1.988342779,2.121093281,2.234564441,2.332735435,2.418577106,2.494336771
28-May-2004,1.846177417,2.551143635,3.077058336,3.49548337,3.841039333,4.132675272,4.382068446,4.597081034,4.783337057,4.945030098,0.527532757,0.942814169,1.245932903,1.484880673,1.682603975,1.85037426,1.994453187,2.118777286,2.226070794,2.318348636,1.31864466,1.608329465,1.831125433,2.010602698,2.158435358,2.282301013,2.387615259,2.478303749,2.557266263,2.626681462
30-Jun-2004,2.069884629,2.696928985,3.15566366,3.525366466,3.837359478,4.105997731,4.339397768,4.543024092,4.720956825,4.876403347,0.503781915,0.879538168,1.143271817,1.353909744,1.533730933,1.690981575,1.829310009,1.950855962,2.057199096,2.149643961,1.566102714,1.817390817,2.012391842,2.171456722,2.303628545,2.415016156,2.510087759,2.59216813,2.663757729,2.726759385
30-Jul-2004,2.091745991,2.67466759,3.098357943,3.443608222,3.739045056,3.996420749,4.222009019,4.420079232,4.593955273,4.746365101,0.481334323,0.826722402,1.065541454,1.2586506,1.426728456,1.576136336,1.709125815,1.826926556,1.930550699,2.020952129,1.610411668,1.847945189,2.032816489,2.184957622,2.312316601,2.420284413,2.512883204,2.593152676,2.663404575,2.725412971
31-Aug-2004,1.972940552,2.387817963,2.737580943,3.053211171,3.34015338,3.599132459,3.831018993,4.037372733,4.220143163,4.381366018,0.37993687,0.657658924,0.865699734,1.047649827,1.214109008,1.366185796,1.503475657,1.625899283,1.73385371,1.828033935,1.593003682,1.730159039,1.871881209,2.005561344,2.126044372,2.232946663,2.327543336,2.41147345,2.486289453,2.553332083
30-Sep-2004,2.228193287,2.600584252,2.888814212,3.152249486,3.399661652,3.629386909,3.83943994,4.029167959,4.198982897,4.349882874,0.388120107,0.629853491,0.792839298,0.939032127,1.080709414,1.21646731,1.343254126,1.459034023,1.562896229,1.654687249,1.84007318,1.97073076,2.095974914,2.213217359,2.318952238,2.412919599,2.496185814,2.570133936,2.636086668,2.695195625
29-Oct-2004,2.251467929,2.540892216,2.805503135,3.06322023,3.309825502,3.539788197,3.750094098,3.939896745,4.109630236,4.260350603,0.307764918,0.522889045,0.687071096,0.840393524,0.988576083,1.129008795,1.258859817,1.376542209,1.481523871,1.573919839,1.94370301,2.018003171,2.118432039,2.222826706,2.321249419,2.410779402,2.491234281,2.563354536,2.628106365,2.686430764
30-Nov-2004,2.664601534,3.027666507,3.276286919,3.498322982,3.709494983,3.908879639,4.093702158,4.262331739,4.414342066,4.550073324,0.413068958,0.642416034,0.781106866,0.905404864,1.030531873,1.154591144,1.273424808,1.384018818,1.484726286,1.574861661,2.251532576,2.385250473,2.495180054,2.592918118,2.67896311,2.754288495,2.82027735,2.878312921,2.92961578,2.975211663
31-Dec-2004,2.771863716,3.063685324,3.25813757,3.440486502,3.622381657,3.799686319,3.967425353,4.122515861,4.263570828,4.390282132,0.360076619,0.542247819,0.645527065,0.74456448,0.851710422,0.962716599,1.071821767,1.174977058,1.269871099,1.35538364,2.411787097,2.521437505,2.612610505,2.695922023,2.770671235,2.83696972,2.895603586,2.947538803,2.993699728,3.034898492
31-Jan-2005,2.97452803,3.256439097,3.411369172,3.54473126,3.676978544,3.807650227,3.933092581,4.050472382,4.158183447,4.255514905,0.28966818,0.420416128,0.480593439,0.540505246,0.612127307,0.691404948,0.772609357,0.851514096,0.925500126,0.99308422,2.68485985,2.836022968,2.930775733,3.004226014,3.064851237,3.116245279,3.160483224,3.198958286,3.232683321,3.262430684
28-Feb-2005,3.254642033,3.584222787,3.743031291,3.862593783,3.974633316,4.083632683,4.188078074,4.285999301,4.376063328,4.457561802,0.311770157,0.450765529,0.507684963,0.558863177,0.619964391,0.688820563,0.760565155,0.831294619,0.898441424,0.9604451,2.942871876,3.133457258,3.235346328,3.303730606,3.354668926,3.39481212,3.427512919,3.454704682,3.477621904,3.497116703
31-Mar-2005,3.429662012,3.785666907,3.937520136,4.043517192,4.142643216,4.24085582,4.336556068,4.427376527,4.511606242,4.588241717,0.357515557,0.50350963,0.551556302,0.59264426,0.646127433,0.710011861,0.778832926,0.848084545,0.914744071,0.976933975,3.072146455,3.282157277,3.385963834,3.450872932,3.496515782,3.530843959,3.557723142,3.579291982,3.596862171,3.611307742
29-Apr-2005,3.388731382,3.623919744,3.711076197,3.7812251,3.859906051,3.94618958,4.034826162,4.121447278,4.203209087,4.278447149,0.266496675,0.351100654,0.363514861,0.384005282,0.425276645,0.481591245,0.545427499,0.611152303,0.675122091,0.735114458,3.122234707,3.27281909,3.347561335,3.397219818,3.434629406,3.464598335,3.489398663,3.510294975,3.528086996,3.543332691
31-May-2005,3.388735233,3.5704029,3.616425081,3.656031229,3.711873551,3.780717196,3.855716985,3.93143891,4.004325057,4.072222486,0.21470943,0.256760137,0.237567421,0.234951055,0.259060769,0.302255748,0.355753835,0.413112838,0.470165904,0.52434291,3.174025803,3.313642763,3.378857661,3.421080175,3.452812782,3.478461448,3.49996315,3.518326073,3.534159153,3.547879576
30-Jun-2005,3.507428775,3.62046393,3.631546092,3.648447637,3.686852654,3.741192187,3.803750727,3.868684943,3.932178722,3.991879374,0.143923471,0.151509056,0.118044885,0.107477835,0.125471695,0.163230793,0.211772463,0.264664738,0.317761865,0.368487883,3.363505304,3.468954874,3.513501207,3.540969802,3.561380959,3.577961395,3.591978264,3.604020205,3.614416858,3.623391491
29-Jul-2005,3.859181311,4.012114995,4.0381749,4.054385725,4.083715158,4.125133365,4.173482715,4.224267781,4.274331735,4.321604149,0.16419058,0.195009451,0.178223783,0.176307467,0.197418141,0.235264966,0.282554162,0.333832102,0.385463373,0.435105584,3.694990731,3.817105544,3.859951117,3.878078258,3.886297017,3.889868399,3.890928554,3.890435678,3.888868362,3.886498564
31-Aug-2005,3.755281925,3.807876728,3.796767929,3.79965356,3.825008576,3.866241298,3.915956902,3.968714247,4.020938648,4.070370016,0.072911637,0.060986415,0.030479457,0.025096597,0.045830016,0.08394718,0.131391509,0.182518401,0.233687143,0.282603444,3.682370288,3.746890313,3.766288472,3.774556963,3.77917856,3.782294118,3.784565393,3.786195846,3.787251505,3.787766572
30-Sep-2005,4.103119956,4.133304636,4.128176384,4.14167047,4.174901286,4.220574285,4.272150423,4.325107456,4.376544274,4.424639049,0.110604645,0.104559015,0.101295601,0.122918422,0.165123438,0.219519157,0.279436386,0.340440016,0.399736437,0.45558299,3.992515311,4.028745622,4.026880783,4.018752048,4.009777847,4.001055128,3.992714037,3.984667441,3.976807837,3.969056058
31-Oct-2005,4.328702051,4.40175382,4.390440238,4.388423489,4.408570694,4.445295571,4.491271755,4.540916506,4.590502456,4.637648653,0.163103809,0.193957393,0.185975429,0.196883657,0.232070865,0.283968667,0.344731009,0.40868815,0.47214398,0.532766872,4.165598242,4.207796428,4.204464809,4.191539832,4.176499829,4.161326904,4.146540746,4.132228356,4.118358476,4.104881781
30-Nov-2005,4.383229286,4.400147673,4.359756595,4.34414311,4.359201611,4.395362798,4.443085979,4.495573763,4.54843912,4.59894822,0.146887276,0.161371852,0.14370747,0.15118925,0.18697423,0.241644559,0.306168734,0.374194624,0.441660575,0.50605444,4.23634201,4.238775821,4.216049125,4.192953861,4.172227382,4.153718239,4.136917245,4.121379139,4.106778545,4.092893779
30-Dec-2005,4.40287553,4.382687296,4.328873456,4.298279999,4.294051487,4.308480122,4.333992138,4.36506133,4.397963648,4.430233435,0.030447713,0.005598809,-0.022572522,-0.023710568,0.000112544,0.040247443,0.089246387,0.141939637,0.194950645,0.246093133,4.372427817,4.377088486,4.351445978,4.321990567,4.293938942,4.268232679,4.244745751,4.223121693,4.203013003,4.184140301
31-Jan-2006,4.55491588,4.499527065,4.452325623,4.432883753,4.436210474,4.454221426,4.480499591,4.510620127,4.541629652,4.571547164,-0.018830006,-0.039322414,-0.042496637,-0.020833317,0.019228437,0.070040496,0.125917475,0.183092955,0.239128015,0.292422193,4.573745887,4.538849479,4.49482226,4.453717071,4.416982037,4.38418093,4.354582116,4.327527172,4.302501637,4.279124971
28-Feb-2006,4.687665696,4.658698706,4.609792674,4.574910162,4.557080083,4.552424291,4.556600137,4.566116887,4.578364101,4.59140735,-0.041277216,-0.073178498,-0.087393285,-0.079283217,-0.05418766,-0.018364144,0.023410024,0.067819591,0.112577199,0.156064532,4.728942912,4.731877203,4.697185959,4.65419338,4.611267742,4.570788435,4.533190114,4.498297295,4.465786903,4.435342817
31-Mar-2006,4.82679399,4.810957943,4.772745995,4.755387447,4.760121756,4.780063733,4.808735385,4.841451317,4.875049625,4.907422544,0.067935922,0.083972732,0.09389102,0.12343703,0.171228031,0.230406797,0.295040447,0.361005413,0.425602523,0.487078003,4.758858068,4.72698521,4.678854975,4.631950418,4.588893725,4.549656936,4.513694937,4.480445904,4.449447102,4.420344541
28-Apr-2006,4.882170568,4.837805724,4.813592014,4.822396669,4.854977611,4.900992834,4.953007123,5.006261486,5.057816425,5.105866084,0.088848229,0.134370224,0.1786926,0.240902824,0.317550617,0.401630252,0.487617266,0.571891861,0.652220922,0.727250862,4.793322339,4.703435501,4.634899414,4.581493844,4.537426994,4.499362583,4.465389857,4.434369625,4.405595503,4.378615222
31-May-2006,5.042052867,5.003950489,4.957679704,4.943006918,4.956526213,4.988044876,5.02911938,5.074007465,5.119031771,5.161871965,0.122554524,0.162307559,0.1867509,0.231153638,0.295167412,0.371077258,0.452079667,0.533506912,0.612396912,0.686914636,4.919498343,4.84164293,4.770928804,4.71185328,4.661358802,4.616967618,4.577039714,4.540500554,4.506634859,4.474957329
30-Jun-2006,5.210830735,5.130174734,5.051472155,5.012888786,5.008546449,5.026388271,5.056716518,5.092963334,5.130901888,5.167837051,0.103855143,0.121484286,0.129754375,0.163195572,0.219941105,0.291055804,0.368911426,0.448309081,0.525944994,0.599759782,5.106975592,5.008690448,4.92171778,4.849693215,4.788605344,4.735332467,4.687805092,4.644654252,4.604956895,4.568077269
31-Jul-2006,5.065624913,4.93421141,4.852562726,4.821720506,4.825675882,4.850179991,4.885481944,4.925399644,4.966082728,5.005118003,0.02764734,0.027116695,0.041435094,0.083928116,0.147240027,0.222002445,0.301290337,0.380641766,0.457300865,0.529576154,5.037977573,4.907094715,4.811127631,4.73779239,4.678435855,4.628177546,4.584191607,4.544757878,4.508781863,4.475541848
31-Aug-2006,4.949234953,4.740076983,4.640376246,4.60698591,4.611179444,4.635605232,4.670099338,4.708683716,4.747763785,4.785113126,-0.075695471,-0.112378849,-0.100682641,-0.054540016,0.011106187,0.085842572,0.163287504,0.23967331,0.31277009,0.381230447,5.024930423,4.852455831,4.741058886,4.661525925,4.600073257,4.54976266,4.506811834,4.469010406,4.434993695,4.403882679
29-Sep-2006,4.876734541,4.658283589,4.548360292,4.507570831,4.507075179,4.528730239,4.561685988,4.599493279,4.638258311,4.675570034,-0.083912408,-0.133073598,-0.133445999,-0.096513901,-0.037442813,0.032593072,0.106565687,0.180266777,0.251188091,0.317810968,4.960646949,4.791357187,4.681806292,4.604084732,4.544517993,4.496137168,4.455120301,4.419226502,4.387070221,4.357759066
31-Oct-2006,4.879246653,4.65540278,4.538751118,4.491958342,4.486507472,4.504134657,4.53380121,4.568894226,4.60539401,4.640795463,-0.090823818,-0.147133511,-0.153910074,-0.122138259,-0.067115182,-0.000273244,0.071138649,0.142751425,0.211944122,0.277118634,4.970070471,4.80253629,4.692661193,4.614096601,4.553622654,4.504407901,4.462662561,4.426142801,4.393449887,4.363676829
30-Nov-2006,4.818308353,4.567452008,4.428868423,4.367240833,4.352408677,4.364274271,4.390462179,4.423493615,4.458810675,4.493577384,-0.109136261,-0.187293423,-0.213024064,-0.194935516,-0.149248336,-0.088780574,-0.021853234,0.046459418,0.113099139,0.176202049,4.927444614,4.754745431,4.641892486,4.562176349,4.501657013,4.453054845,4.412315412,4.377034197,4.345711536,4.317375335
29-Dec-2006,4.95437098,4.773751135,4.662371184,4.611213726,4.60006511,4.612737463,4.638473131,4.67050114,4.704589934,4.73806014,-0.039144177,-0.081226885,-0.092503877,-0.068114328,-0.018980583,0.04399259,0.113153129,0.18364748,0.252477867,0.317784954,4.993515158,4.854978019,4.754875061,4.679328054,4.619045693,4.568744873,4.525320001,4.48685366,4.452112068,4.420275186
31-Jan-2007,5.003103372,4.869622219,4.782167544,4.740257636,4.730059055,4.739355344,4.759674497,4.785505328,4.813286609,4.840679503,-0.028465611,-0.054758851,-0.054956556,-0.025828844,0.023575389,0.084315814,0.150088505,0.216837394,0.2819953,0.343913815,5.031568983,4.92438107,4.8371241,4.76608648,4.706483666,4.65503953,4.609585992,4.568667934,4.531291309,4.496765689
28-Feb-2007,4.838915403,4.599903978,4.476767537,4.429657857,4.42739982,4.449913314,4.485088515,4.525730634,4.567526966,4.607841272,-0.085433491,-0.143532716,-0.152445695,-0.120592255,-0.063649032,0.006119603,0.080828416,0.155723858,0.227983035,0.295918302,4.924348894,4.743436695,4.629213232,4.550250112,4.491048851,4.443793711,4.4042601,4.370006776,4.339543931,4.311922969
30-Mar-2007,4.83204357,4.587703689,4.475293487,4.445018163,4.461137477,4.50152811,4.553236758,4.608794121,4.663877182,4.715955208,-0.054101408,-0.090394703,-0.080770485,-0.031586501,0.041502682,0.125999821,0.213899856,0.300458886,0.382946116,0.45980627,4.886144978,4.678098392,4.556063972,4.476604664,4.419634795,4.37552829,4.339336902,4.308335236,4.280931067,4.256148938
30-Apr-2007,4.84148731,4.572817716,4.452365533,4.418612228,4.432405359,4.470739774,4.520495046,4.574206122,4.627576353,4.67809052,-0.082724436,-0.129510311,-0.12133269,-0.071748728,0.001559111,0.085790933,0.173060955,0.258787534,0.340360683,0.4163006,4.924211746,4.702328027,4.573698223,4.490360956,4.430846247,4.384948841,4.347434092,4.315418588,4.28721567,4.26178992
31-May-2007,4.969911211,4.882352935,4.80690008,4.771228082,4.767886045,4.785219961,4.814151151,4.848574966,4.884553589,4.919556043,0.048942332,0.046915178,0.047437214,0.074773265,0.124750493,0.188409419,0.258518396,0.330220415,0.400428179,0.467198277,4.920968879,4.835437757,4.759462866,4.696454817,4.643135552,4.596810542,4.555632755,4.518354551,4.48412541,4.452357766
29-Jun-2007,4.91519077,4.845809441,4.815117253,4.819759,4.847187405,4.887069163,4.932533471,4.97928339,5.024656068,5.066981033,0.041845041,0.072624432,0.116593413,0.179634065,0.255396117,0.337026261,0.419670214,0.500257465,0.576901973,0.648441222,4.873345729,4.773185009,4.69852384,4.640124935,4.591791288,4.550042902,4.512863257,4.479025925,4.447754095,4.418539811
31-Jul-2007,4.736608274,4.528070011,4.475047323,4.493645938,4.544426835,4.608329946,4.67587777,4.742205454,4.804734424,4.862060561,-0.07162986,-0.070263771,-0.009860713,0.079488056,0.179818818,0.281720346,0.380450339,0.473646107,0.560134348,0.639339591,4.808238133,4.598333782,4.484908036,4.414157882,4.364608017,4.3266096,4.295427431,4.268559347,4.244600076,4.222720969
31-Aug-2007,4.291201534,4.148261407,4.107509514,4.138428379,4.209624485,4.299689382,4.395821869,4.490804861,4.580712833,4.663488133,0.0637104,0.089358781,0.131347831,0.204532896,0.29892021,0.402846982,0.508126773,0.609833531,0.705225176,0.792871063,4.227491134,4.058902626,3.976161683,3.933895483,3.910704275,3.8968424,3.887695097,3.880971329,3.875487657,3.87061707
28-Sep-2007,4.025756235,3.951833674,3.979706191,4.064251835,4.174927545,4.293930271,4.411625238,4.523056638,4.625820323,4.718871406,0.082606651,0.151480577,0.237288712,0.343368938,0.460031533,0.578450335,0.692982624,0.800496618,0.899425767,0.989094947,3.943149584,3.800353097,3.742417478,3.720882897,3.714896012,3.715479936,3.718642615,3.72256002,3.726394556,3.729776458
31-Oct-2007,4.02635007,3.903550354,3.908650981,3.981027445,4.084249944,4.198159314,4.312098402,4.42062041,4.521057907,4.612209436,0.037899063,0.08263463,0.157924736,0.25874951,0.372156252,0.488144242,0.600648796,0.706380902,0.803709745,0.891928986,3.988451008,3.820915724,3.750726244,3.722277935,3.712093692,3.710015073,3.711449606,3.714239508,3.717348162,3.72028045
30-Nov-2007,3.188391831,3.023813191,3.0865829,3.240206934,3.423882917,3.610508784,3.78822748,3.952175069,4.100719137,4.233711409,-0.004903667,0.060250137,0.186347955,0.339201447,0.497216795,0.649250564,0.790181788,0.918024727,1.032339417,1.133408712,3.193295498,2.963563054,2.900234944,2.901005487,2.926666122,2.961258221,2.998045693,3.034150343,3.068379721,3.100302697
31-Dec-2007,3.205753561,3.017582283,3.075606788,3.23565466,3.431290088,3.63202389,3.824156488,4.001900908,4.163213639,4.307808403,0.0246604,0.101649324,0.236314336,0.399603076,0.569688223,0.734309186,0.887482928,1.026735443,1.151411303,1.261742674,3.181093162,2.91593296,2.839292453,2.836051584,2.861601865,2.897714704,2.93667356,2.975165465,3.011802335,3.046065729
31-Jan-2008,2.135623678,2.137175778,2.31446333,2.565083271,2.836152079,3.101854625,3.350515537,3.5775896,3.782014133,3.964352977,0.164143503,0.31661496,0.483633812,0.665605973,0.849894482,1.02636001,1.189297089,1.336217229,1.466519688,1.580590847,1.971480176,1.820560818,1.830829518,1.899477298,1.986257597,2.075494616,2.161218447,2.24137237,2.315494444,2.38376213
29-Feb-2008,1.61356087,1.609068812,1.877202258,2.221144177,2.568175476,2.892378384,3.185898794,3.447849817,3.679920074,3.884608958,0.067448076,0.261640688,0.51265086,0.767711895,1.004894356,1.217242388,1.403882063,1.5662019,1.706294385,1.826337103,1.546112795,1.347428124,1.364551397,1.453432282,1.56328112,1.675135996,1.782016732,1.881647918,1.973625689,2.058271855
31-Mar-2008,1.473382582,1.598362829,1.823563833,2.116831406,2.436797816,2.755406808,3.05728955,3.335338899,3.587139237,3.812727286,0.383333468,0.60135411,0.768025671,0.946886561,1.137803247,1.328743976,1.51010257,1.676431552,1.825362206,1.956381213,1.090049114,0.997008719,1.055538162,1.169944845,1.298994568,1.426662832,1.547186979,1.658907347,1.761777031,1.856346074
30-Apr-2008,1.900885398,2.203360797,2.496132218,2.780952999,3.050230803,3.298561502,3.523762368,3.725783604,3.905680737,4.064969383,0.285226315,0.503366694,0.679496579,0.843373299,0.998680939,1.143204768,1.274906677,1.392876506,1.497073403,1.587953511,1.615659083,1.699994102,1.816635639,1.937579701,2.051549864,2.155356735,2.248855691,2.332907098,2.408607334,2.477015872
30-May-2008,2.244000612,2.593761105,2.91155291,3.199414522,3.457714366,3.687779447,3.891738922,4.072000152,4.23090628,4.370580394,0.269713743,0.505384803,0.702776328,0.877697336,1.034723788,1.17527945,1.300293031,1.410725777,1.50757643,1.591814975,1.974286869,2.088376302,2.208776582,2.321717186,2.422990578,2.512499997,2.59144589,2.661274375,2.72332985,2.778765419
30-Jun-2008,2.289763172,2.589651426,2.870239567,3.132357895,3.37306734,3.590947834,3.786256893,3.960202301,4.114368532,4.250394842,0.239759456,0.444838696,0.617987209,0.776029717,0.92178308,1.054816835,1.174719008,1.281583823,1.375869396,1.45821012,2.050003716,2.14481273,2.252252358,2.356328178,2.45128426,2.536130999,2.611537885,2.678618478,2.738499136,2.792184722
31-Jul-2008,2.187996947,2.465984867,2.739731147,3.009304844,3.26608181,3.503994257,3.720404837,3.914935788,4.088396741,4.242113762,0.286901697,0.503728008,0.679320288,0.843506001,0.999781617,1.145773018,1.279319653,1.399415281,1.505941767,1.599292324,1.901095251,1.962256859,2.060410859,2.165798844,2.266300193,2.358221239,2.441085184,2.515520508,2.582454973,2.642821438
29-Aug-2008,2.133013351,2.331848104,2.566522287,2.821648185,3.077657978,3.321831291,3.547752935,3.752982835,3.937243228,4.101314222,0.271763827,0.464761747,0.624410019,0.782852777,0.940437189,1.091594418,1.231998035,1.35937352,1.472927177,1.572729378,1.861249524,1.867086357,1.942112268,2.038795408,2.137220789,2.230236873,2.315754899,2.393609315,2.464316051,2.528584843
30-Sep-2008,1.788307522,1.971823227,2.285801889,2.63404992,2.974796499,3.291233335,3.57784714,3.834102682,4.061531637,4.26240056,0.276398217,0.53428933,0.783488612,1.022984081,1.246237128,1.449125286,1.630250655,1.789927534,1.929331433,2.049979027,1.511909305,1.437533897,1.502313277,1.611065839,1.728559371,1.842108049,1.947596486,2.044175149,2.132200204,2.212421532
31-Oct-2008,1.31924629,1.379696539,1.803743809,2.334615919,2.869964899,3.370870978,3.824663483,4.229517426,4.58792753,4.903898767,0.43878685,0.864565511,1.300443802,1.720444944,2.107077018,2.453496045,2.758913897,3.025436535,3.256338245,3.455192197,0.88045944,0.515131028,0.503300007,0.614170975,0.762887881,0.917374933,1.065749587,1.204080891,1.331589285,1.448706571
28-Nov-2008,0.764614567,0.753550307,1.063746492,1.485825472,1.928006151,2.351337895,2.740718758,3.091798451,3.404973119,3.682601504,0.245633858,0.501192414,0.78835728,1.085862924,1.372751498,1.63713171,1.874008489,2.082402156,2.263381412,2.418923857,0.518980709,0.252357892,0.275389212,0.399962548,0.555254653,0.714206185,0.866710269,1.009396295,1.141591706,1.263677647
31-Dec-2008,0.380766295,0.554955679,0.85994954,1.207541676,1.554314539,1.880646882,2.178923583,2.447321965,2.686663684,2.898860633,0.154400426,0.317299081,0.490549027,0.671073747,0.847709233,1.012205433,1.160329137,1.29062829,1.403219659,1.498991722,0.22636587,0.237656598,0.369400512,0.536467929,0.706605306,0.868441449,1.018594446,1.156693675,1.283444025,1.399868911
30-Jan-2009,0.544764147,0.802065817,1.172071172,1.583622553,1.993715298,2.380473392,2.73462885,3.053632019,3.338224505,3.590596939,0.384167692,0.670348519,0.916415578,1.156089425,1.387416944,1.603259882,1.798892554,1.972440195,2.123927551,2.254407109,0.160596455,0.131717297,0.255655594,0.427533129,0.606298354,0.77721351,0.935736296,1.081191824,1.214296954,1.336189831
27-Feb-2009,0.722052711,0.946050615,1.307494956,1.716628416,2.125256799,2.510351328,2.862567512,3.179492465,3.461996759,3.712354235,0.363506639,0.648691848,0.904092525,1.153585444,1.39284288,1.614751198,1.815079719,1.992400247,2.147050552,2.280284524,0.358546072,0.297358766,0.40340243,0.563042972,0.732413919,0.895600129,1.047487793,1.187092219,1.314946207,1.432069711
31-Mar-2009,0.57540454,0.764863992,1.054200496,1.392853246,1.741457807,2.077151304,2.388824742,2.672234972,2.926761933,3.153538109,0.283323828,0.479683859,0.648831138,0.826279083,1.007834864,1.183515205,1.346281541,1.492569874,1.621193367,1.732322614,0.292080712,0.285180133,0.405369358,0.566574163,0.733622943,0.893636099,1.0425432,1.179665098,1.305568567,1.421215495
30-Apr-2009,0.51753722,0.901915598,1.310785482,1.723940985,2.120312222,2.487675103,2.821082547,3.119906464,3.385695301,3.620918019,0.421518279,0.725341422,0.964967566,1.187241462,1.397539493,1.592197592,1.768013879,1.923690297,2.059376084,2.176039299,0.096018941,0.176574176,0.345817916,0.536699523,0.722772729,0.895477512,1.053068668,1.196216166,1.326319217,1.44487872
29-May-2009,0.481568787,0.891964901,1.389698094,1.887528732,2.351382389,2.770284166,3.143047364,3.472374129,3.762261171,4.016885889,0.427805714,0.806404286,1.141269373,1.443441876,1.713681469,1.952227148,2.160451824,2.340562375,2.49511202,2.626668958,0.053763072,0.085560615,0.248428721,0.444086856,0.63770092,0.818057017,0.98259554,1.131811755,1.267149151,1.390216932
30-Jun-2009,0.539231424,1.069902745,1.625578292,2.132162284,2.575408711,2.958907898,3.290352516,3.577382142,3.826542297,4.043198193,0.349110313,0.726782847,1.07221598,1.368941351,1.618922038,1.82882126,2.005243369,2.153639432,2.278300897,2.382588446,0.190121111,0.343119898,0.553362312,0.763220934,0.956486673,1.130086638,1.285109147,1.42374271,1.5482414,1.660609746
31-Jul-2009,0.53093484,1.092549843,1.638378955,2.12737294,2.554255302,2.924327172,3.245068053,3.523549057,3.765798487,3.976785732,0.37588226,0.746148771,1.068367256,1.342664889,1.574814497,1.771229703,1.937487622,2.078114849,2.196725074,2.29620999,0.155052579,0.346401072,0.5700117,0.784708051,0.979440805,1.153097469,1.307580431,1.445434208,1.569073412,1.680575742
31-Aug-2009,0.432349459,0.947983216,1.491519074,1.989474575,2.426791448,2.806208988,3.134798521,3.419789128,3.667462773,3.883015294,0.326398159,0.685320823,1.0160614,1.301724024,1.543302891,1.74661381,1.917673178,2.06155416,2.182309751,2.283148654,0.1059513,0.262662393,0.475457675,0.687750551,0.883488558,1.059595178,1.217125343,1.358234969,1.485153022,1.59986664
30-Sep-2009,0.403066871,0.906787128,1.433288783,1.913943724,2.335326204,2.7006021,3.016829546,3.291075658,3.529423066,3.736872934,0.29179132,0.625365142,0.935926183,1.204697347,1.431872238,1.622798932,1.783164834,1.917786383,2.030505622,2.124353879,0.111275551,0.281421986,0.497362599,0.709246376,0.903453966,1.077803168,1.233664712,1.373289275,1.498917443,1.612519054
30-Oct-2009,0.374060457,0.886743011,1.419222569,1.909678047,2.343973532,2.72353315,3.0541168,3.342044934,3.593043462,3.811990163,0.344440006,0.698430549,1.016724986,1.292755711,1.528793263,1.72960188,1.900021499,2.044280961,2.165906341,2.26779996,0.029620451,0.188312462,0.402497582,0.616922336,0.815180269,0.99393127,1.154095301,1.297763973,1.427137121,1.544190203
30-Nov-2009,0.262365441,0.62494943,1.100305555,1.578328282,2.021190871,2.418575508,2.770401723,3.080109244,3.352047619,3.590489682,0.291308941,0.608008897,0.914043218,1.194017364,1.442282378,1.658629116,1.845149377,2.004687699,2.140155783,2.254255608,-0.028943499,0.016940533,0.186262337,0.384310918,0.578908493,0.759946392,0.925252345,1.075421546,1.211891836,1.336234074
31-Dec-2009,0.530580737,1.12351357,1.702918821,2.223602835,2.678954694,3.074057388,3.416599539,3.714003034,3.972670507,4.197922389,0.439374802,0.854386889,1.210121758,1.511742314,1.766991113,1.983214841,2.166551823,2.321938569,2.453321726,2.563875281,0.091205935,0.26912668,0.492797063,0.711860522,0.911963581,1.090842547,1.250047716,1.392064465,1.519348781,1.634047108
29-Jan-2010,0.308442171,0.797890911,1.365901134,1.90236343,2.379506167,2.795899271,3.157507287,3.471539385,3.744619457,3.982377752,0.345077954,0.73540231,1.104745725,1.427519189,1.701888956,1.933314756,2.128220899,2.292255403,2.430027951,2.545237621,-0.036635784,0.062488601,0.261155408,0.474844242,0.677617212,0.862584514,1.029286388,1.179283982,1.314591505,1.437140131
26-Feb-2010,0.331575231,0.780798356,1.326957145,1.85600676,2.334548567,2.757024841,3.126860448,3.449825015,3.731772742,3.977949534,0.360310968,0.746369275,1.109699932,1.431614849,1.70967449,1.947448636,2.149854393,2.321600121,2.466779751,2.588842671,-0.028735738,0.034429082,0.217257213,0.424391912,0.624874077,0.809576205,0.977006055,1.128224894,1.264992991,1.389106863
31-Mar-2010,0.420769437,0.979298757,1.579701541,2.125136765,2.598267048,3.004176604,3.352548262,3.652604849,3.91200853,4.136886973,0.34921414,0.759165748,1.142309611,1.469262871,1.740964087,1.966013011,2.153010685,2.308882744,2.438911651,2.547107345,0.071555297,0.220133009,0.43739193,0.655873894,0.857302961,1.038163593,1.199537577,1.343722105,1.473096879,1.589779628
30-Apr-2010,0.439103054,0.928397098,1.492722735,2.014545531,2.469635744,2.860676621,3.196406327,3.485582955,3.735573396,3.95228159,0.267170158,0.634340426,0.996840396,1.310758722,1.572134492,1.788141659,1.967009977,2.115568499,2.23905272,2.341421751,0.171932896,0.294056671,0.495882339,0.70378681,0.897501252,1.072534962,1.22939635,1.370014456,1.496520676,1.610859839
28-May-2010,0.395234891,0.764743343,1.262014605,1.744608634,2.175778919,2.55165116,2.877409807,3.159819674,3.405090032,3.618429198,0.170528548,0.472432599,0.795406661,1.08509832,1.331024104,1.536627026,1.708049995,1.850952893,1.969907325,2.068487806,0.224706343,0.292310744,0.466607944,0.659510314,0.844754815,1.015024134,1.169359811,1.308866781,1.435182706,1.549941392
30-Jun-2010,0.33590143,0.59144479,1.002261952,1.430476818,1.830605669,2.190265291,2.508707852,2.788972776,3.03502441,3.250740892,0.133111259,0.368281198,0.630708326,0.879234787,1.100446497,1.292300183,1.456606967,1.596195961,1.713922032,1.812356048,0.202790171,0.223163592,0.371553626,0.551242032,0.730159172,0.897965108,1.052100885,1.192776815,1.321102378,1.438384843
30-Jul-2010,0.313759568,0.488632243,0.838421694,1.241692568,1.643322925,2.019848102,2.362729139,2.670291501,2.943868048,3.185968827,0.223686124,0.450087684,0.682494676,0.915985536,1.138883244,1.34333723,1.525808171,1.685576566,1.823441642,1.940898458,0.090073443,0.038544559,0.155927018,0.325707032,0.504439681,0.676510872,0.836920968,0.984714935,1.120426405,1.245070369
31-Aug-2010,0.294980629,0.435705307,0.714527861,1.041298152,1.371292308,1.683918691,1.970858918,2.229780093,2.461127619,2.666530047,0.099617277,0.226871798,0.374512711,0.535351611,0.696148041,0.847493651,0.98446411,1.105165372,1.209411775,1.297872276,0.195363352,0.208833509,0.340015151,0.505946541,0.675144267,0.836425039,0.986394807,1.124614721,1.251715844,1.368657771
30-Sep-2010,0.280259656,0.379926693,0.641250022,0.971928925,1.318858217,1.654739655,1.967075579,2.251215643,2.506438796,2.733865576,0.16525558,0.308281453,0.459401317,0.62916274,0.805133753,0.975164766,1.131884304,1.271853552,1.394068827,1.498845952,0.115004076,0.07164524,0.181848705,0.342766184,0.513724464,0.679574889,0.835191275,0.979362091,1.112369969,1.235019624
29-Oct-2010,0.251942898,0.283533623,0.517172863,0.855181457,1.230412237,1.604638045,1.958622121,2.284002348,2.578202391,2.841544407,0.268952938,0.43763947,0.595489285,0.78075231,0.982084926,1.182919669,1.371986675,1.54340151,1.694875649,1.82617976,-0.01701004,-0.154105848,-0.078316422,0.074429147,0.248327311,0.421718375,0.586635445,0.740600838,0.883326742,1.015364647
30-Nov-2010,0.303982721,0.4421137,0.735804161,1.099563245,1.47973556,1.847539712,2.189486945,2.500492252,2.779769261,3.028574761,0.274325372,0.476114546,0.66203062,0.860463408,1.063238559,1.258560946,1.438705591,1.599969813,1.741281445,1.863031604,0.029657349,-0.034000846,0.073773541,0.239099837,0.416497001,0.588978766,0.750781354,0.900522439,1.038487816,1.165543157
31-Dec-2010,0.289224892,0.577633719,1.059949696,1.553569688,2.005360137,2.404502613,2.753225641,3.057090062,3.321891164,3.552781847,0.144064533,0.442403271,0.777245984,1.085108776,1.350601886,1.574926719,1.763317405,1.921162505,2.053058364,2.162733381,0.14516036,0.135230449,0.282703712,0.468460912,0.654758251,0.829575894,0.989908236,1.135927557,1.2688328,1.390048466
31-Jan-2011,0.274494162,0.537385972,0.994212465,1.486086684,1.954936131,2.38173342,2.762639395,3.099541202,3.396243085,3.656934949,0.279833263,0.603710744,0.932010455,1.240621195,1.518608398,1.763212238,1.97546271,2.157892273,2.313460948,2.445080002,-0.005339101,-0.066324772,0.06220201,0.24546549,0.436327733,0.618521182,0.787176685,0.941648929,1.082782138,1.211854947
28-Feb-2011,0.269107489,0.64460968,1.170248271,1.681075336,2.135728597,2.530339158,2.871029952,3.165479814,3.420605428,3.642130686,0.158588131,0.480786847,0.830337745,1.142452166,1.405215204,1.623074913,1.803413696,1.952863222,2.076676674,2.178893676,0.110519359,0.163822833,0.339910526,0.53862317,0.730513392,0.907264245,1.067616256,1.212616592,1.343928754,1.46323701
31-Mar-2011,0.316916223,0.761095113,1.299455169,1.804141069,2.246957726,2.628717762,2.957168352,3.240490672,3.485688154,3.698420658,0.201037924,0.533445319,0.873931005,1.172132232,1.421268987,1.627191052,1.79745408,1.938510121,2.055362494,2.151814231,0.115878299,0.227649794,0.425524165,0.632008837,0.825688739,1.001526711,1.159714272,1.301980551,1.43032566,1.546606428
29-Apr-2011,0.228601466,0.563031694,1.038897289,1.523769148,1.973691484,2.376982678,2.733507439,3.046935553,3.321853698,3.562720978,0.256736959,0.570295005,0.885181899,1.174759744,1.430588197,1.652366708,1.842675098,2.004836524,2.142119505,2.257471925,-0.028135493,-0.007263312,0.15371539,0.349009403,0.543103287,0.72461597,0.89083234,1.042099028,1.179734194,1.305249053
31-May-2011,0.201454209,0.426210836,0.811467637,1.242268915,1.666303681,2.061506486,2.420165734,2.741170249,3.026272156,3.27830891,0.275779478,0.536813607,0.791132547,1.040436196,1.275763374,1.490404858,1.681375615,1.848283777,1.992158759,2.114675585,-0.074325269,-0.110602771,0.020335089,0.201832719,0.390540307,0.571101629,0.738790119,0.892886473,1.034113397,1.163633325
30-Jun-2011,0.219859219,0.466012442,0.862928889,1.307216586,1.747177578,2.159338154,2.534759432,2.871598971,3.171263963,3.436485461,0.351815989,0.64455162,0.912200401,1.172668424,1.420275601,1.648006222,1.852055986,2.031427581,2.186821389,2.319782419,-0.13195677,-0.178539177,-0.049271513,0.134548162,0.326901977,0.511331932,0.682703446,0.84017139,0.984442574,1.116703042
29-Jul-2011,0.270769274,0.327979433,0.582508818,0.939897748,1.333236152,1.72406031,2.092991006,2.431669405,2.737617843,3.011302855,0.325903705,0.527310029,0.705825982,0.907651225,1.123675955,1.337817641,1.538883155,1.721023392,1.882016687,2.021729661,-0.055134431,-0.199330595,-0.123317164,0.032246523,0.209560197,0.386242669,0.55410785,0.710646013,0.855601156,0.989573194
31-Aug-2011,0.144198336,0.183914335,0.368948191,0.646543426,0.963784248,1.286278653,1.595233531,1.881709277,2.14232188,2.376608808,0.19648232,0.290778202,0.37404255,0.493002685,0.637827666,0.790941541,0.939624405,1.076686563,1.198777125,1.304819659,-0.052283984,-0.106863867,-0.005094359,0.153540741,0.325956582,0.495337111,0.655609127,0.805022714,0.943544755,1.071789149
30-Sep-2011,0.180621464,0.279143478,0.45838954,0.691439542,0.945702824,1.199246776,1.440023681,1.662375274,1.864264983,2.045555259,0.046776691,0.071604683,0.107049802,0.17482596,0.26415543,0.361140135,0.456129534,0.543668122,0.621116618,0.687485924,0.133844773,0.207538795,0.351339739,0.516613582,0.681547394,0.838106641,0.983894146,1.118707152,1.243148365,1.358069334
31-Oct-2011,0.169205266,0.23664423,0.438138093,0.712546401,1.01292235,1.311406384,1.593665095,1.853350478,2.088431274,2.299062879,0.108994856,0.182144402,0.264569122,0.377659143,0.509076143,0.644077384,0.772798182,0.889938931,0.993196783,1.081987089,0.06021041,0.054499828,0.173568971,0.334887258,0.503846208,0.667329001,0.820866913,0.963411547,1.095234491,1.21707579
30-Nov-2011,0.163385658,0.239424415,0.433781382,0.694403519,0.978854378,1.261424257,1.528736953,1.774808869,1.997685151,2.197463713,0.079570005,0.133967226,0.200539324,0.298378676,0.41520829,0.536651108,0.653070984,0.759235822,0.852803609,0.933093882,0.083815652,0.105457188,0.233242058,0.396024842,0.563646088,0.724773148,0.875665969,1.015573047,1.144881542,1.26436983
30-Dec-2011,0.15741041,0.237049808,0.400428635,0.62313272,0.871397935,1.121791958,1.361152785,1.583103645,1.785169237,1.966950214,0.041102246,0.053376072,0.076486378,0.135537739,0.219424336,0.313214729,0.406397125,0.492940873,0.569853209,0.635936004,0.116308164,0.183673736,0.323942258,0.487594982,0.6519736,0.808577228,0.95475566,1.090162772,1.215316028,1.33101421
31-Jan-2012,0.169678218,0.186060985,0.300061082,0.496714815,0.736350736,0.988702826,1.235737317,1.468067745,1.681482875,1.874629992,0.072305514,0.066154951,0.061473422,0.103677635,0.182106288,0.278025571,0.377512839,0.472264271,0.55794158,0.63260993,0.097372704,0.119906034,0.23858766,0.39303718,0.554244448,0.710677254,0.858224478,0.995803474,1.123541295,1.242020062
29-Feb-2012,0.225297944,0.292637405,0.437909233,0.651377634,0.898806848,1.153727759,1.400448509,1.630954038,1.841816114,2.032121603,0.094287829,0.113740944,0.12881481,0.18309663,0.267921968,0.366734504,0.467153223,0.561825499,0.646962485,0.720932804,0.131010116,0.178896461,0.309094423,0.468281004,0.63088488,0.786993255,0.933295287,1.069128539,1.194853629,1.3111888
30-Mar-2012,0.245664022,0.348241763,0.539057827,0.795052859,1.079103585,1.364890676,1.6375698,1.889998953,2.119489942,2.325724776,0.158255091,0.232975708,0.295139247,0.387954621,0.504096071,0.628582352,0.750311056,0.862876116,0.963180871,1.050108572,0.087408931,0.115266055,0.24391858,0.407098238,0.575007514,0.736308325,0.887258743,1.027122837,1.15630907,1.275616204
30-Apr-2012,0.223983202,0.264615228,0.39499767,0.602480943,0.849343408,1.106631894,1.357135584,1.591974641,1.807251755,2.001812436,0.096750037,0.10989189,0.119041583,0.170992919,0.256436538,0.357609556,0.461209456,0.559313172,0.647815402,0.72492621,0.127233166,0.154723338,0.275956086,0.431488024,0.59290687,0.749022338,0.895926128,1.032661469,1.159436353,1.276886226
31-May-2012,0.249734465,0.278566474,0.364658761,0.512418148,0.695127104,0.88981078,1.08208103,1.264119074,1.432175983,1.584808153,-0.049735292,-0.122948317,-0.176770829,-0.181796601,-0.150107649,-0.098914035,-0.040805161,0.01658042,0.069048966,0.114499816,0.299469757,0.401514791,0.54142959,0.694214748,0.845234753,0.988724815,1.122886191,1.247538654,1.363127017,1.470308338
29-Jun-2012,0.271393749,0.320914986,0.41801272,0.573557981,0.762736166,0.963096447,1.160399558,1.346890363,1.518872005,1.674954538,-0.018085897,-0.07460026,-0.120040941,-0.119279582,-0.082631732,-0.026882565,0.035439034,0.096685322,0.152657806,0.201266378,0.289479646,0.395515245,0.538053661,0.692837563,0.845367898,0.989979012,1.124960524,1.250205041,1.366214199,1.473688159
31-Jul-2012,0.196701967,0.211291515,0.290548375,0.436326473,0.619796851,0.81663032,1.01165379,1.196618893,1.367553087,1.522904329,-0.054109533,-0.133450626,-0.191804667,-0.199073761,-0.167988627,-0.1164712,-0.057604732,0.000679374,0.054029663,0.100268887,0.2508115,0.344742142,0.482353042,0.635400234,0.787785478,0.93310152,1.069258522,1.195939519,1.313523424,1.422635442
31-Aug-2012,0.210516128,0.210207484,0.285080016,0.434495665,0.626117845,0.833100452,1.038776346,1.234100024,1.414717316,1.578926352,-0.026548251,-0.096433247,-0.149970402,-0.150962474,-0.111849019,-0.051453376,0.016346272,0.083130525,0.144304383,0.197601524,0.237064379,0.306640731,0.435050418,0.585458138,0.737966864,0.884553828,1.022430074,1.150969499,1.270412934,1.381324828
28-Sep-2012,0.217760888,0.221414756,0.294952097,0.446727508,0.644416127,0.859611613,1.074338006,1.278729929,1.467988881,1.640205176,0.017261844,-0.039371459,-0.091286634,-0.090233818,-0.046678978,0.019865897,0.094577072,0.168360087,0.236227654,0.295718596,0.200499045,0.260786215,0.386238731,0.536961327,0.691095105,0.839745716,0.979760934,1.110369843,1.231761228,1.34448658
31-Oct-2012,0.236214296,0.278558726,0.379264576,0.54482838,0.746941308,0.961017094,1.17167442,1.370617587,1.55394315,1.720229284,0.009769571,-0.033478369,-0.069793135,-0.059510235,-0.012718583,0.053178752,0.125131411,0.195201152,0.259076895,0.314664249,0.226444725,0.312037095,0.449057711,0.604338615,0.759659892,0.907838341,1.046543009,1.175416435,1.294866255,1.405565036
30-Nov-2012,0.233273213,0.23875923,0.312125539,0.460047154,0.651441374,0.859228293,1.066315907,1.263333282,1.445722115,1.611665025,-0.006540743,-0.071408483,-0.126273131,-0.128644341,-0.089705547,-0.028470056,0.040779944,0.109306138,0.172309737,0.227407086,0.239813956,0.310167713,0.438398671,0.588691495,0.741146921,0.887698349,1.025535964,1.154027144,1.273412378,1.384257939
31-Dec-2012,0.208693378,0.247804906,0.354098032,0.530743538,0.746400305,0.974560126,1.198804516,1.410351989,1.605122818,1.781680935,0.041567796,0.014070629,-0.011745017,0.008894001,0.066397274,0.142869816,0.224800222,0.303990159,0.376032063,0.438836255,0.167125582,0.233734277,0.365843049,0.521849537,0.680003031,0.83169031,0.974004294,1.10636183,1.229090755,1.34284468
31-Jan-2013,0.188844182,0.258705542,0.4118195,0.634045104,0.889720714,1.15199313,1.405139591,1.641225464,1.856929544,2.05144339,0.102334501,0.129795625,0.152648751,0.213811643,0.304493953,0.408227419,0.512765335,0.610883531,0.698903841,0.775287542,0.08650968,0.128909917,0.259170749,0.420233461,0.585226761,0.743765711,0.892374256,1.030341932,1.158025703,1.276155848
28-Feb-2013,0.201202488,0.231545262,0.346935161,0.542564211,0.781347555,1.033420566,1.280630462,1.513411725,1.727416514,1.921204597,0.09560186,0.096571727,0.091133769,0.131651935,0.209188587,0.305086145,0.405156254,0.500842091,0.587628541,0.663470191,0.105600627,0.134973535,0.255801393,0.410912276,0.572158969,0.728334421,0.875474207,1.012569634,1.139787974,1.257734406
28-Mar-2013,0.193025328,0.239714891,0.355684497,0.545917052,0.777352774,1.021785864,1.261732711,1.487871676,1.695913211,1.88439535,0.091314278,0.087342279,0.074577252,0.107047872,0.176767037,0.265480664,0.359130543,0.449163374,0.531012462,0.602560092,0.10171105,0.152372612,0.281107245,0.43886918,0.600585737,0.756305201,0.902602168,1.038708302,1.16490075,1.281835258
30-Apr-2013,0.166346771,0.200270721,0.299422294,0.469727974,0.68027773,0.904404001,1.125445607,1.334416588,1.527085204,1.701905767,0.030566569,-0.00727511,-0.042278644,-0.029059683,0.022570635,0.094337129,0.172412659,0.24837454,0.317661987,0.378080209,0.135780201,0.207545831,0.341700938,0.498787657,0.657707095,0.810066872,0.953032948,1.086042049,1.209423218,1.323825558
31-May-2013,0.173793197,0.31306336,0.517340103,0.77179209,1.046218616,1.318716494,1.576952159,1.815107874,2.031138637,2.224995625,0.124946264,0.189437428,0.245166378,0.328301718,0.431854509,0.542431625,0.65018363,0.749446014,0.837484938,0.913313631,0.048846933,0.123625932,0.272173725,0.443490373,0.614364107,0.776284869,0.926768529,1.065661859,1.193653699,1.311681994
28-Jun-2013,0.185938413,0.374212195,0.70798848,1.065539157,1.404801887,1.71293615,1.987842574,2.231194668,2.445789395,2.634553466,-0.002036432,0.130381846,0.309626143,0.490569328,0.656341169,0.802084133,0.927536797,1.034033671,1.123334786,1.197186094,0.187974845,0.243830349,0.398362337,0.574969829,0.748460718,0.910852017,1.060305777,1.197160997,1.322454609,1.437367372
31-Jul-2013,0.131281616,0.31093501,0.646732173,1.020492301,1.384685665,1.721450111,2.025493575,2.296757206,2.537225623,2.749537393,0.087984366,0.250037315,0.442133382,0.637907286,0.822456805,0.989054021,1.135551082,1.262079134,1.369784712,1.460183498,0.04329725,0.060897695,0.204598791,0.382585015,0.56222886,0.73239609,0.889942493,1.034678071,1.167440911,1.289353895
30-Aug-2013,0.139800589,0.410018222,0.829696707,1.252004043,1.63574561,1.973653622,2.268515478,2.525420245,2.749387679,2.944761145,0.023691747,0.220656397,0.468128101,0.70060524,0.9012674,1.0698222,1.210147101,1.326467862,1.422399927,1.500845778,0.116108842,0.189361825,0.361568605,0.551398803,0.73447821,0.903831421,1.058368377,1.198952383,1.326987752,1.443915366
30-Sep-2013,0.117220327,0.324135785,0.669340664,1.046935683,1.413238201,1.751552334,2.056920006,2.329369839,2.570907693,2.784179417,0.115798279,0.288201159,0.481754045,0.676867862,0.860698896,1.026931863,1.173387079,1.300086944,1.408085412,1.498835165,0.001422048,0.035934627,0.18758662,0.370067821,0.552539305,0.724620472,0.883532927,1.029282895,1.162822281,1.285344252
31-Oct-2013,0.135574565,0.303855919,0.616383368,0.974486122,1.331603477,1.667257632,1.973704285,2.249209031,2.494732567,2.712324103,0.128952597,0.285056282,0.458087059,0.639727582,0.817202695,0.981909167,1.129635529,1.259040318,1.370355315,1.464567529,0.006621968,0.018799636,0.158296309,0.33475854,0.514400782,0.685348464,0.844068756,0.990168713,1.124377252,1.247756574
29-Nov-2013,0.144169449,0.273445678,0.602881258,0.996977583,1.394640672,1.769731435,2.112447617,2.420488055,2.694861896,2.937906929,0.172012391,0.367809122,0.583689744,0.807262892,1.023390551,1.222651394,1.400773734,1.556684924,1.69100856,1.805150089,-0.027842941,-0.094363445,0.019191514,0.189714692,0.371250121,0.547080041,0.711673883,0.863803132,1.003853335,1.13275684
31-Dec-2013,0.130615474,0.372483218,0.837477539,1.318080324,1.755981489,2.140369843,2.474327835,2.764088383,3.015817762,3.234816792,0.034327226,0.282682002,0.598575071,0.893227097,1.144955879,1.354510875,1.527859688,1.671072173,1.789164387,1.886066366,0.096288247,0.089801216,0.238902468,0.424853227,0.61102561,0.785858968,0.946468147,1.09301621,1.226653375,1.348750426
31-Jan-2014,0.116008788,0.32915317,0.727135265,1.141334786,1.522399099,1.859884207,2.155278523,2.41311117,2.638148681,2.834616083,-0.023240655,0.151361791,0.392179834,0.623622965,0.824950901,0.994513636,1.135754287,1.252784448,1.349212337,1.427965708,0.139249443,0.177791379,0.334955431,0.51771182,0.697448198,0.86537057,1.019524236,1.160326722,1.288936344,1.406650375
28-Feb-2014,0.104908798,0.320643405,0.730862636,1.151250516,1.531935552,1.864747122,2.153210163,2.403198083,2.620262785,2.809050807,-0.073558751,0.095625239,0.344770957,0.581788411,0.783677064,0.950162845,1.086310521,1.197386888,1.287699852,1.360560968,0.178467549,0.225018167,0.386091679,0.569462105,0.748258488,0.914584277,1.066899642,1.205811195,1.332562932,1.448489839
31-Mar-2014,0.098822921,0.420332906,0.91698852,1.374616373,1.755327417,2.066214651,2.321760308,2.534533013,2.713850228,2.866333244,-0.218104206,-0.037274686,0.256025542,0.516096567,0.716951825,0.866519753,0.977531407,1.060369774,1.12232418,1.168280358,0.316927127,0.457607592,0.660962979,0.858519806,1.038375592,1.199694897,1.344228901,1.474163239,1.591526049,1.698052886
30-Apr-2014,0.078344564,0.405317351,0.892793192,1.339687668,1.711182178,2.014703225,2.264430188,2.472568486,2.648141343,2.797553449,-0.213098266,-0.042837787,0.236082113,0.48361501,0.674683798,0.816775901,0.922019366,1.000315204,1.058612929,1.10156632,0.291442829,0.448155138,0.656711079,0.856072658,1.03649838,1.197927324,1.342410821,1.472253282,1.589528414,1.695987129
30-May-2014,0.079797439,0.368319626,0.806813763,1.214264207,1.557277769,1.840757767,2.07630504,2.274224689,2.44226256,2.585986945,-0.227078235,-0.097302234,0.137806874,0.351146163,0.518019698,0.64336449,0.736896883,0.80679777,0.858891682,0.897115626,0.306875674,0.465621859,0.669006889,0.863118044,1.039258071,1.197393277,1.339408157,1.467426919,1.583370878,1.688871319
30-Jun-2014,0.109640057,0.438181906,0.890957683,1.300232322,1.639331906,1.916478758,2.144906109,2.335709698,2.497001479,2.634500426,-0.21849909,-0.079904451,0.157171524,0.368059726,0.530309316,0.650250834,0.738358878,0.803186904,0.850716123,0.884925365,0.328139147,0.518086357,0.733786159,0.932172596,1.10902259,1.266227925,1.406547231,1.532522794,1.646285356,1.749575061
31-Jul-2014,0.111144848,0.53379748,1.042808586,1.469564625,1.801182209,2.057396955,2.258807997,2.420748764,2.553604517,2.66422199,-0.299315546,-0.149698295,0.107729927,0.323738709,0.476911992,0.579268239,0.645967295,0.688523328,0.714559937,0.728862696,0.410460394,0.683495776,0.935078658,1.145825916,1.324270217,1.478128716,1.612840702,1.732225436,1.83904458,1.935359294
29-Aug-2014,0.106438432,0.5133053,0.981457394,1.36784193,1.665192538,1.89337355,2.071912886,2.215039503,2.332248455,2.429712591,-0.326167838,-0.22111558,-0.009762385,0.167632144,0.290296664,0.368684722,0.416316948,0.443446419,0.456799577,0.460530899,0.43260627,0.734420879,0.99121978,1.200209786,1.374895874,1.524688828,1.655595938,1.771593084,1.875448878,1.969181692
30-Sep-2014,0.135410961,0.602886321,1.107832658,1.515537713,1.824927851,2.05971958,2.241714033,2.386460872,2.504222796,2.601622184,-0.29107169,-0.152584109,0.0816621,0.273229218,0.404311645,0.487644823,0.538211705,0.567138146,0.581655367,0.586205281,0.426482652,0.75547043,1.026170558,1.242308495,1.420616206,1.572074758,1.703502328,1.819322726,1.922567429,2.015416903
31-Oct-2014,0.133637827,0.523575017,0.982149467,1.365994769,1.665065265,1.897155416,2.08053817,2.228744216,2.350904152,2.453015802,-0.304872074,-0.201858393,0.007289444,0.185331397,0.310910701,0.393450111,0.445701832,0.477456049,0.495193373,0.502955424,0.4385099,0.725433411,0.974860023,1.180663372,1.354154564,1.503705305,1.634836338,1.751288167,1.855710779,1.950060378
28-Nov-2014,0.144127213,0.481793922,0.902231675,1.25733702,1.534211019,1.748748425,1.917960395,2.054528325,2.166996309,2.260944788,-0.365625158,-0.302085328,-0.121098803,0.036111278,0.14572074,0.215614005,0.257586688,0.280819472,0.29138863,0.293054944,0.509752371,0.783879251,1.023330478,1.221225742,1.388490279,1.53313442,1.660373707,1.773708853,1.875607679,1.967889843
31-Dec-2014,0.271743195,0.691813655,1.115683461,1.44403779,1.683828818,1.859379368,1.991236898,2.093445691,2.174930688,2.241213571,-0.361548791,-0.315531303,-0.163404915,-0.03956687,0.036655429,0.075391792,0.089352928,0.087934821,0.077086372,0.060289479,0.633291987,1.007344959,1.279088377,1.48360466,1.647173389,1.783987576,1.901883969,2.00551087,2.097844315,2.180924092
30-Jan-2015,0.193427336,0.477805931,0.776027278,1.022299957,1.216604068,1.370918273,1.496161472,1.600087735,1.68778461,1.762507445,-0.35578297,-0.390710331,-0.332577705,-0.275496096,-0.238460238,-0.21967177,-0.213908833,-0.216877295,-0.225772011,-0.238954389,0.549210306,0.868516262,1.108604983,1.297796053,1.455064306,1.590590043,1.710070305,1.81696503,1.913556621,2.001461834
27-Feb-2015,0.256950496,0.650057857,1.026141604,1.318857498,1.537574088,1.702679102,1.83079327,1.933185841,2.017024649,2.086770988,-0.32281064,-0.301138617,-0.191442371,-0.100365486,-0.044214177,-0.016083997,-0.006734708,-0.009266362,-0.019313622,-0.034344186,0.579761136,0.951196474,1.217583975,1.419222984,1.581788265,1.718763099,1.837527978,1.942452203,2.03633827,2.121115174
31-Mar-2015,0.275373311,0.569367313,0.90296814,1.183468235,1.40518553,1.580456837,1.721687075,1.837977466,1.935413982,2.017951184,-0.335385508,-0.336140545,-0.235384825,-0.142076981,-0.077265259,-0.037564826,-0.015849285,-0.006353842,-0.005258948,-0.010246977,0.610758818,0.905507858,1.138352964,1.325545216,1.482450789,1.618021663,1.73753636,1.844331308,1.94067293,2.028198161
30-Apr-2015,0.257264515,0.592944864,0.938351145,1.228199017,1.461604469,1.65038581,1.805730491,1.935838041,2.046283189,2.140787329,-0.238386955,-0.209446177,-0.104328535,-0.008624795,0.061503595,0.109036283,0.139860082,0.158759684,0.168955028,0.172450116,0.49565147,0.802391041,1.042679681,1.236823812,1.400100875,1.541349526,1.665870409,1.777078358,1.877328161,1.968337214
29-May-2015,0.278133673,0.618290501,0.972096263,1.271610529,1.514647012,1.712433389,1.875934246,2.013307795,2.130171496,2.230323843,-0.215241563,-0.170919876,-0.054255311,0.051389249,0.130411377,0.185916224,0.223839625,0.249021312,0.264750721,0.273108895,0.493375236,0.789210378,1.026351574,1.22022128,1.384235635,1.526517165,1.652094621,1.764286484,1.865420775,1.957214948
30-Jun-2015,0.296790741,0.646776976,1.046476313,1.389844676,1.667387094,1.891058977,2.073939167,2.22603785,2.354318302,2.463505773,-0.217453445,-0.1336725,0.034852439,0.184016258,0.295491566,0.374570848,0.429769991,0.467899039,0.493589904,0.50980894,0.514244186,0.780449475,1.011623874,1.205828419,1.371895528,1.516488129,1.644169176,1.758138811,1.860728398,1.953696833
31-Jul-2015,0.329300849,0.66278111,1.024142766,1.32986689,1.575390314,1.772761806,1.934092845,2.068395727,2.18182552,2.278491984,-0.241113484,-0.197033278,-0.069361339,0.045610443,0.13009635,0.188007061,0.226412877,0.251008645,0.265629461,0.272678247,0.570414333,0.859814389,1.093504105,1.284256447,1.445293964,1.584754745,1.707679969,1.817387081,1.916196059,2.005813737
31-Aug-2015,0.42315867,0.756345158,1.089426812,1.372029641,1.60401182,1.795280708,1.955253385,2.090942509,2.207218464,2.307415916,-0.176689813,-0.134242248,-0.030450482,0.065117195,0.138864498,0.192814837,0.231549149,0.258897175,0.27749676,0.289034104,0.599848483,0.890587406,1.119877294,1.306912446,1.465147322,1.602465871,1.723704236,1.832045334,1.929721704,2.018381812
30-Sep-2015,0.340157502,0.640910274,0.934305327,1.191760767,1.41233651,1.601373044,1.764447934,1.906033073,2.029465883,2.137202455,-0.14318226,-0.122174334,-0.052277833,0.018865786,0.07924327,0.127673917,0.16559931,0.194672507,0.216193827,0.231078732,0.483339762,0.763084608,0.98658316,1.172894981,1.33309324,1.473699127,1.598848624,1.711360566,1.813272056,1.906123723
30-Oct-2015,0.442122751,0.748463047,1.068611478,1.342558548,1.567394142,1.752314589,1.906577109,2.03715215,2.148876403,2.245040933,-0.211840813,-0.186117978,-0.089027311,0.00248162,0.072661109,0.123126882,0.15849056,0.182669963,0.198361503,0.20727445,0.653963565,0.934581025,1.157638789,1.340076928,1.494733033,1.629187707,1.74808655,1.854482187,1.9505149,2.037766483
30-Nov-2015,0.661654836,0.949716759,1.240259602,1.488097263,1.692501927,1.861815132,2.004063565,2.12521809,2.229400329,2.319406702,-0.19827794,-0.184080572,-0.10480812,-0.027726514,0.032697426,0.077137925,0.109078886,0.131574161,0.146730746,0.155869304,0.859932775,1.133797331,1.345067723,1.515823777,1.659804501,1.784677207,1.894984679,1.993643929,2.082669583,2.163537398
31-Dec-2015,0.771887554,1.062129992,1.350269789,1.592626475,1.790064958,1.951992233,2.087030322,2.201440207,2.299458135,2.38390134,-0.203734149,-0.190618729,-0.111473169,-0.035518991,0.022891873,0.064914733,0.094408929,0.114646084,0.12783496,0.135327433,0.975621703,1.252748721,1.461742958,1.628145466,1.767173085,1.887077501,1.992621393,2.086794123,2.171623176,2.248573907
29-Jan-2016,0.625480414,0.794444091,0.99394595,1.189265606,1.369424247,1.531971057,1.67734776,1.806817674,1.921739561,2.023342168,-0.191461074,-0.231570533,-0.210622364,-0.171247989,-0.129354296,-0.09071088,-0.057245287,-0.029468882,-0.007403754,0.009072058,0.816941488,1.026014624,1.204568314,1.360513595,1.498778543,1.622681937,1.734593047,1.836286556,1.929143315,2.01427011
29-Feb-2016,0.654808938,0.779764081,0.942391246,1.107368927,1.262524911,1.404312773,1.532303844,1.647093344,1.749527282,1.840436609,-0.248176906,-0.329499847,-0.338471922,-0.322056363,-0.298475864,-0.274828123,-0.253856477,-0.23661068,-0.223492595,-0.214663125,0.902985844,1.109263928,1.280863169,1.429425291,1.561000776,1.679140896,1.786160321,1.883704025,1.973019877,2.055099734
31-Mar-2016,0.589598538,0.722144174,0.89680069,1.074306935,1.241129702,1.393338149,1.530480228,1.653253717,1.762642358,1.859615244,-0.233717149,-0.303302941,-0.302166868,-0.27703052,-0.245991536,-0.216009277,-0.18968537,-0.167935046,-0.151037843,-0.139046244,0.823315687,1.025447114,1.198967559,1.351337455,1.487121238,1.609347426,1.720165598,1.821188763,1.913680201,1.998661489
29-Apr-2016,0.576041392,0.754260105,0.954067029,1.141379201,1.308739085,1.456503884,1.58682903,1.70189015,1.803468649,1.892941097,-0.241068525,-0.301297614,-0.291253673,-0.263206099,-0.234169675,-0.209060057,-0.188920107,-0.173703443,-0.163159595,-0.157078946,0.817109917,1.055557719,1.245320702,1.4045853,1.54290876,1.665563941,1.775749136,1.875593592,1.966628244,2.050020043
31-May-2016,0.70498812,0.870818884,1.065452707,1.244053755,1.399094517,1.532692807,1.648459497,1.749452341,1.837900596,1.915359865,-0.289917501,-0.363944881,-0.35462391,-0.327996131,-0.303226071,-0.284344801,-0.271257567,-0.263123417,-0.259241539,-0.259188666,0.994905621,1.234763764,1.420076617,1.572049886,1.702320588,1.817037607,1.919717063,2.012575758,2.097142135,2.174548532
30-Jun-2016,0.486460784,0.583749085,0.73562117,0.889389325,1.030740327,1.157261697,1.269797481,1.369771626,1.458458622,1.536856271,-0.349188824,-0.473315901,-0.500329354,-0.49822821,-0.489911043,-0.482436993,-0.477703029,-0.476078753,-0.477575719,-0.482184978,0.835649608,1.057064986,1.235950524,1.387617535,1.52065137,1.639698689,1.74750051,1.84585038,1.936034341,2.01904125
29-Jul-2016,0.559431353,0.652919222,0.788025303,0.923482379,1.048162528,1.160262075,1.26049145,1.349973287,1.42968187,1.500357236,-0.358532802,-0.498091972,-0.541928816,-0.5545992,-0.558414882,-0.560747107,-0.56394448,-0.568768995,-0.575538311,-0.584477329,0.917964155,1.151011194,1.329954119,1.47808158,1.60657741,1.721009182,1.82443593,1.918742282,2.005220182,2.084834564
31-Aug-2016,0.651355875,0.803291084,0.965175662,1.107575316,1.228288459,1.331031838,1.419651704,1.496961811,1.564803728,1.624329176,-0.354711598,-0.479035321,-0.512264065,-0.52222523,-0.528957506,-0.537224241,-0.547563961,-0.559678467,-0.573330357,-0.588491599,1.006067473,1.282326405,1.477439727,1.629800546,1.757245964,1.868256079,1.967215665,2.056640278,2.138134085,2.212820774
30-Sep-2016,0.648840115,0.773546808,0.919727955,1.059705826,1.186790328,1.300568161,1.402169664,1.49284006,1.57359085,1.645177688,-0.316688836,-0.435862366,-0.472038812,-0.480801037,-0.481539117,-0.480878017,-0.481060456,-0.482893303,-0.486752036,-0.492902131,0.965528951,1.209409174,1.391766767,1.540506863,1.668329446,1.781446178,1.88323012,1.975733363,2.060342887,2.138079819
31-Oct-2016,0.69617515,0.86093495,1.040858511,1.20890942,1.359369475,1.492716444,1.610806392,1.715457804,1.808133844,1.889948305,-0.253883183,-0.329156958,-0.333757104,-0.318042229,-0.298906993,-0.281654426,-0.267748886,-0.25749004,-0.250893555,-0.247953108,0.950058333,1.190091908,1.374615615,1.526951649,1.658276467,1.77437087,1.878555277,1.972947844,2.059027399,2.137901414
30-Nov-2016,0.835523547,1.128283899,1.436121425,1.692913716,1.897253613,2.060576846,2.193685085,2.304385434,2.397876438,2.477536288,-0.241031153,-0.219813369,-0.118949721,-0.025980166,0.042374586,0.089024626,0.119843364,0.139561509,0.151306332,0.156969879,1.0765547,1.348097269,1.555071145,1.718893881,1.854879027,1.97155222,2.073841721,2.164823925,2.246570106,2.320566409
30-Dec-2016,0.876369304,1.187005823,1.503831801,1.765419696,1.972439071,2.137312044,2.271336212,2.382581267,2.476391439,2.556229138,-0.222355993,-0.1898969,-0.082595667,0.014365881,0.085444998,0.134131038,0.166589177,0.187702077,0.200679068,0.207458221,1.098725297,1.376902722,1.586427467,1.751053815,1.886994073,2.003181007,2.104747035,2.194879191,2.275712372,2.348770917
31-Jan-2017,0.85373719,1.184872004,1.497107507,1.751171284,1.952697693,2.114429118,2.247029782,2.357939825,2.452053582,2.532544651,-0.188118195,-0.154588838,-0.059474109,0.02597439,0.089049428,0.13279824,0.162428888,0.18204092,0.194314308,0.200853928,1.041855385,1.339460842,1.556581615,1.725196894,1.863648265,1.981630878,2.084600893,2.175898904,2.257739273,2.331690724
28-Feb-2017,0.897450312,1.224246227,1.519680405,1.75348254,1.934901728,2.078031793,2.193942802,2.290088629,2.371222837,2.44032739,-0.219274883,-0.208766828,-0.133568436,-0.065937749,-0.018696421,0.011137346,0.02864837,0.037769789,0.040998271,0.039757055,1.116725195,1.433013055,1.653248841,1.819420289,1.953598148,2.066894447,2.165294432,2.252318839,2.330224566,2.400570335
31-Mar-2017,1.035448239,1.266266698,1.541718301,1.775550247,1.960709469,2.107117959,2.225162569,2.322477757,2.404117836,2.473308785,-0.308510602,-0.31564202,-0.224929734,-0.137579019,-0.074145125,-0.032350696,-0.006193874,0.009251686,0.017230355,0.019672844,1.34395884,1.581908718,1.766648035,1.913129266,2.034854594,2.139468655,2.231356444,2.313226071,2.38688748,2.453635941
28-Apr-2017,1.103426628,1.266484503,1.481072889,1.676273794,1.840910768,1.978588143,2.094890422,2.194355947,2.28017005,2.354467334,-0.287068452,-0.325881419,-0.27435257,-0.213600887,-0.163936003,-0.12707004,-0.10058484,-0.081982369,-0.069500481,-0.062064142,1.39049508,1.592365922,1.755425459,1.88987468,2.004846771,2.105658183,2.195475262,2.276338316,2.349670531,2.416531476
31-May-2017,1.174751363,1.273186351,1.454554654,1.630281496,1.78217688,1.910798706,2.020281155,2.114402344,2.195910626,2.266668434,-0.340222542,-0.407861524,-0.370158146,-0.316691717,-0.271388746,-0.23744976,-0.213096665,-0.19612957,-0.184940243,-0.178542492,1.514973905,1.681047875,1.8247128,1.946973213,2.053565626,2.148248466,2.233377821,2.310531914,2.380850868,2.445210927
30-Jun-2017,1.24523478,1.38266764,1.57234985,1.746855313,1.894869924,2.019181754,2.124609146,2.215101572,2.293413535,2.361365392,-0.29986972,-0.355572342,-0.318732304,-0.269174568,-0.227697864,-0.196777481,-0.174620404,-0.159174862,-0.14898746,-0.143198452,1.545104501,1.738239982,1.891082154,2.016029881,2.122567789,2.215959235,2.29922955,2.374276434,2.442400995,2.504563843
31-Jul-2017,1.224823114,1.345681765,1.524882354,1.696964527,1.848079766,1.978506329,2.091373302,2.189639798,2.275527787,2.350597033,-0.278902734,-0.333673192,-0.300728884,-0.252193341,-0.208482168,-0.173279969,-0.145900801,-0.125016296,-0.109580792,-0.098936728,1.503725848,1.679354957,1.825611238,1.949157869,2.056561934,2.151786297,2.237274103,2.314656093,2.385108579,2.449533761
31-Aug-2017,1.220760258,1.312878239,1.454236351,1.593952414,1.719890793,1.831064086,1.929071338,2.015664327,2.092206155,2.159660667,-0.303222531,-0.394607587,-0.39767293,-0.377801446,-0.355584124,-0.336448418,-0.321300218,-0.309958315,-0.302149607,-0.297730913,1.523982789,1.707485826,1.851909281,1.97175386,2.075474917,2.167512503,2.250371556,2.325622642,2.394355762,2.45739158
29-Sep-2017,1.32057092,1.47045233,1.64416817,1.800347921,1.933508343,2.046758067,2.144077966,2.228569508,2.302350472,2.366801856,-0.268342671,-0.329301791,-0.311308892,-0.27883636,-0.24969009,-0.226980175,-0.210098717,-0.1979658,-0.189801385,-0.185187408,1.588913591,1.799754122,1.955477062,2.079184281,2.183198433,2.273738243,2.354176684,2.426535308,2.492151857,2.551989264
31-Oct-2017,1.428257341,1.586531914,1.751942351,1.895509991,2.015862206,2.117366452,2.204286324,2.279681858,2.345533391,2.403067899,-0.26430217,-0.330197798,-0.321398944,-0.2982306,-0.277212669,-0.261259143,-0.249886336,-0.242204057,-0.237613239,-0.235851009,1.692559511,1.916729712,2.073341295,2.193740591,2.293074876,2.378625595,2.45417266,2.521885915,2.58314663,2.638918908
30-Nov-2017,1.618874307,1.781215417,1.92598362,2.044663073,2.141786528,2.223030283,2.292608657,2.353197463,2.406364476,2.452975591,-0.257944014,-0.335688421,-0.345645602,-0.340009833,-0.333360456,-0.328716375,-0.326142458,-0.325284557,-0.32597464,-0.328280418,1.87681832,2.116903838,2.271629223,2.384672906,2.475146984,2.551746658,2.618751115,2.67848202,2.732339115,2.78125601
29-Dec-2017,1.743515803,1.875724611,2.002219729,2.104947927,2.186718902,2.253319305,2.309278094,2.357452903,2.399452879,2.436095601,-0.304778286,-0.403627313,-0.42228833,-0.423059425,-0.422884567,-0.424851995,-0.428686982,-0.433763702,-0.43977338,-0.446741934,2.04829409,2.279351924,2.424508059,2.528007352,2.609603468,2.678171301,2.737965076,2.791216605,2.839226259,2.882837534
31-Jan-2018,1.895512886,2.134637156,2.311792449,2.434783529,2.520891153,2.583788122,2.632238515,2.671351421,2.703916081,2.731351171,-0.24959734,-0.30440457,-0.297481194,-0.286545016,-0.282984099,-0.285942338,-0.292765069,-0.301502965,-0.311157083,-0.321422472,2.145110226,2.439041726,2.609273642,2.721328544,2.803875252,2.86973046,2.925003585,2.972854385,3.015073164,3.052773643
28-Feb-2018,2.033345917,2.25343964,2.427837853,2.555808885,2.650183515,2.722386167,2.780086267,2.827893315,2.868399931,2.902979465,-0.222160894,-0.260909964,-0.240410567,-0.215992609,-0.199135178,-0.189403059,-0.184430654,-0.182394907,-0.182311664,-0.183828065,2.255506811,2.514349603,2.668248421,2.771801495,2.849318693,2.911789226,2.964516921,3.010288222,3.050711594,3.08680753
29-Mar-2018,2.087723345,2.263256806,2.396925453,2.492133692,2.560858897,2.612879117,2.654456996,2.689167749,2.718871082,2.744419904,-0.263990884,-0.341507932,-0.352803038,-0.352671202,-0.354142402,-0.358431928,-0.36441564,-0.371120816,-0.378135648,-0.385498093,2.351714229,2.604764738,2.749728491,2.844804894,2.915001299,2.971311045,3.018872636,3.060288566,3.09700673,3.129917997
30-Apr-2018,2.239725297,2.477653166,2.631329761,2.729219901,2.793585889,2.838583299,2.872390135,2.899424994,2.921905456,2.940815899,-0.217211241,-0.270945257,-0.274915062,-0.274498349,-0.27830388,-0.28563113,-0.294551822,-0.303781028,-0.312814511,-0.321695257,2.456936537,2.748598423,2.906244823,3.00371825,3.071889769,3.124214429,3.166941957,3.203206022,3.234719967,3.262511157
31-May-2018,2.228807314,2.405197142,2.533293676,2.620753817,2.681363286,2.725648569,2.760150446,2.788512625,2.812571976,2.833121913,-0.261020526,-0.338143378,-0.350656374,-0.352444249,-0.355953098,-0.362092688,-0.369606739,-0.37748618,-0.385331523,-0.393215233,2.489827841,2.74334052,2.88395005,2.973198065,3.037316384,3.087741256,3.129757184,3.165998806,3.197903499,3.226337146
29-Jun-2018,2.310577237,2.515259129,2.61816861,2.680669555,2.725565194,2.762154713,2.794293878,2.823466667,2.850077003,2.874037234,-0.146157654,-0.22625072,-0.270555228,-0.298950609,-0.318429253,-0.332070474,-0.341611414,-0.348314999,-0.3532565,-0.357403754,2.456734891,2.741509849,2.888723837,2.979620164,3.043994447,3.094225187,3.135905292,3.171781666,3.203333503,3.231440988
31-Jul-2018,2.427760461,2.657211784,2.751394352,2.799909453,2.833027557,2.860999579,2.887080635,2.912006959,2.93559955,2.957368278,-0.10817372,-0.177253958,-0.232340208,-0.272954179,-0.301091834,-0.319800705,-0.331789496,-0.33922235,-0.343819067,-0.346971143,2.535934181,2.834465742,2.98373456,3.072863632,3.13411939,3.180800284,3.218870131,3.251229308,3.279418617,3.304339421
31-Aug-2018,2.44162172,2.614883894,2.68026758,2.713854383,2.73920283,2.763207703,2.787392625,2.811570854,2.835056509,2.857073997,-0.141734746,-0.235861552,-0.304182023,-0.351332308,-0.382459207,-0.402327814,-0.414559924,-0.421801505,-0.426024964,-0.428752241,2.583356466,2.850745445,2.984449602,3.065186691,3.121662036,3.165535518,3.201952549,3.233372359,3.261081473,3.285826238
28-Sep-2018,2.604139146,2.796474662,2.867406476,2.902930491,2.929288608,2.954087266,2.979005612,3.003870056,3.027981906,3.050555291,-0.096372895,-0.172630617,-0.232370951,-0.273613829,-0.299524043,-0.314390072,-0.321778258,-0.324368611,-0.324168536,-0.322719216,2.700512041,2.96910528,3.099777426,3.17654432,3.228812652,3.268477338,3.30078387,3.328238667,3.352150442,3.373274507
31-Oct-2018,2.68057099,2.856997417,2.915127484,2.947984153,2.979329856,3.013429897,3.049562523,3.0861092,3.121584629,3.154816014,-0.04343552,-0.107056382,-0.166586881,-0.205147972,-0.224174831,-0.229403678,-0.225951557,-0.217551623,-0.206812151,-0.195571202,2.72400651,2.964053799,3.081714365,3.153132125,3.203504687,3.242833575,3.27551408,3.303660823,3.328396779,3.350387217
30-Nov-2018,2.699342489,2.790935865,2.813034544,2.827436315,2.847613029,2.874015426,2.904370729,2.936354784,2.968116795,2.998268959,-0.135083203,-0.231829775,-0.303536106,-0.347249629,-0.369249597,-0.376794133,-0.37542975,-0.368987405,-0.36008488,-0.350553794,2.834425691,3.02276564,3.11657065,3.174685945,3.216862626,3.250809559,3.279800478,3.305342189,3.328201675,3.348822753
31-Dec-2018,2.568492565,2.479756758,2.45921137,2.472693427,2.502933661,2.540984319,2.58199555,2.623161245,2.662733873,2.699549743,-0.309929328,-0.463627768,-0.52968231,-0.554089983,-0.558196692,-0.552258173,-0.541480259,-0.528734716,-0.515776099,-0.503789003,2.878421893,2.943384526,2.98889368,3.02678341,3.061130354,3.093242492,3.12347581,3.151895962,3.178509971,3.203338746
31-Jan-2019,2.506445214,2.441126275,2.413946662,2.416229888,2.437001504,2.468126469,2.504283618,2.542069297,2.579268025,2.614391818,-0.285543549,-0.4447482,-0.529214583,-0.570860585,-0.58810005,-0.59163954,-0.587691833,-0.579972306,-0.570824326,-0.56182002,2.791988763,2.885874475,2.943161245,2.987090473,3.025101554,3.05976601,3.091975451,3.122041604,3.150092351,3.176211838
28-Feb-2019,2.525557327,2.500644277,2.498133117,2.514171414,2.541987554,2.576248594,2.613334764,2.650837063,2.687112534,2.721000417,-0.266433731,-0.405698166,-0.475468624,-0.508178882,-0.520591034,-0.521818985,-0.516981276,-0.509124234,-0.500204259,-0.491577547,2.791991058,2.906342443,2.973601742,3.022350296,3.062578588,3.098067579,3.13031604,3.159961296,3.187316793,3.212577963
29-Mar-2019,2.368185318,2.262927342,2.220958428,2.217438408,2.235729188,2.265680954,2.301230563,2.338685647,2.375708903,2.410755169,-0.337264886,-0.522547909,-0.618126619,-0.665772885,-0.687411896,-0.694852017,-0.694612301,-0.690471655,-0.684772182,-0.679073539,2.705450203,2.785475251,2.839085047,2.883211293,2.923141084,2.960532971,2.995842864,3.029157302,3.060481085,3.089828708
30-Apr-2019,2.350448583,2.250141422,2.228023389,2.246000211,2.283764317,2.330496597,2.380318391,2.429906837,2.477285619,2.521216564,-0.318004108,-0.480291864,-0.55261283,-0.580128132,-0.585164788,-0.579018332,-0.567597864,-0.554175639,-0.540706174,-0.52845607,2.668452691,2.730433285,2.780636219,2.826128343,2.868929105,2.909514929,2.947916256,2.984082476,3.017991793,3.049672634
31-May-2019,2.1767213,1.947966805,1.893062142,1.903633603,1.93910924,1.983598949,2.030434989,2.076516452,2.120199142,2.16048814,-0.489001264,-0.711330649,-0.790367559,-0.814180194,-0.817123375,-0.812248963,-0.804701217,-0.796724829,-0.789492326,-0.783761375,2.665722564,2.659297454,2.683429701,2.717813796,2.756232615,2.795847912,2.835136206,2.873241281,2.909691469,2.944249515
28-Jun-2019,1.929400867,1.756529469,1.712716609,1.725980357,1.764579403,1.813819408,1.866514988,1.918915835,1.968920336,2.015268079,-0.429790028,-0.644989799,-0.739481769,-0.779144018,-0.793481191,-0.795947481,-0.79298721,-0.787930966,-0.782676892,-0.778425745,2.359190896,2.401519268,2.452198377,2.505124374,2.558060594,2.60976689,2.659502198,2.706846801,2.751597229,2.793693824
31-Jul-2019,2.031385737,1.889187169,1.834174324,1.825607267,1.841619985,1.870324768,1.905072564,1.941966012,1.978589081,2.013360256,-0.413854831,-0.638418818,-0.754611938,-0.816255477,-0.849460197,-0.867368663,-0.876902257,-0.881956897,-0.884912961,-0.887351683,2.445240568,2.527605987,2.588786263,2.641862745,2.691080182,2.737693431,2.781974821,2.823922909,2.863502042,2.900711939
30-Aug-2019,1.750905802,1.522688095,1.428272144,1.396369341,1.395347821,1.410162873,1.433080484,1.459756233,1.48752275,1.514612243,-0.549609591,-0.843383901,-0.994155824,-1.078750908,-1.13090946,-1.165959974,-1.19136108,-1.211116554,-1.227638872,-1.242551044,2.300515393,2.366071996,2.422427968,2.475120249,2.526257281,2.576122847,2.624441564,2.670872787,2.715161621,2.757163287
30-Sep-2019,1.801825513,1.651328809,1.580764874,1.556556713,1.558700189,1.575554448,1.600273989,1.628682198,1.658102895,1.686735463,-0.4605182,-0.721304087,-0.866907417,-0.952800823,-1.006307148,-1.041502762,-1.065978656,-1.084104046,-1.098600258,-1.111302123,2.262343712,2.372632896,2.447672291,2.509357536,2.565007336,2.617057209,2.666252645,2.712786244,2.756703153,2.798037586
31-Oct-2019,1.59028127,1.538826737,1.511022448,1.509172179,1.525628943,1.553102174,1.5863726,1.621945747,1.657486341,1.691400409,-0.384584985,-0.611863396,-0.750286273,-0.836772895,-0.892391271,-0.929571282,-0.955645847,-0.975065858,-0.990672928,-1.004391837,1.974866255,2.150690133,2.261308721,2.345945074,2.418020213,2.482673455,2.542018447,2.597011605,2.648159269,2.695792246
29-Nov-2019,1.673072835,1.637809736,1.621035634,1.624603535,1.642612936,1.669371423,1.700732569,1.733846832,1.766744814,1.798030829,-0.378696821,-0.595125017,-0.72348583,-0.803291928,-0.855099181,-0.890321668,-0.915494698,-0.934558142,-0.950054379,-0.963743039,2.051769656,2.232934753,2.344521464,2.427895463,2.497712117,2.559693091,2.616227267,2.668404974,2.716799194,2.761773868
31-Dec-2019,1.617818093,1.588460095,1.609926078,1.652925442,1.70442965,1.758338579,1.811602989,1.862547034,1.910143729,1.953700909,-0.37206376,-0.553565753,-0.639354371,-0.682650198,-0.705986912,-0.71942546,-0.727800158,-0.733698991,-0.738701683,-0.743899148,1.989881853,2.142025847,2.24928045,2.33557564,2.410416562,2.477764039,2.539403147,2.596246025,2.648845412,2.697600057
31-Jan-2020,1.474843711,1.336797373,1.292178848,1.294034872,1.31911057,1.355443362,1.396609065,1.438955425,1.480268825,1.51912368,-0.47239008,-0.726275873,-0.859918681,-0.935168945,-0.980665862,-1.010271789,-1.031074291,-1.046982717,-1.060359465,-1.072769593,1.947233791,2.063073246,2.152097528,2.229203817,2.299776432,2.365715151,2.427683356,2.485938142,2.54062829,2.591893272
28-Feb-2020,1.05301514,0.87634355,0.848189174,0.87203661,0.913824266,0.961043883,1.008793713,1.054906036,1.098234143,1.138048436,-0.597329765,-0.879652939,-1.005100138,-1.070291188,-1.111592957,-1.142532266,-1.168394828,-1.19152846,-1.213226886,-1.234386023,1.650344904,1.755996489,1.853289311,1.942327798,2.025417223,2.103576149,2.177188541,2.246434496,2.311461029,2.372434459
31-Mar-2020,0.253537112,0.271011601,0.31363326,0.373838059,0.442893426,0.514660016,0.585383374,0.65285805,0.715787987,0.773399279,-0.439129702,-0.682163767,-0.825015343,-0.915511957,-0.977312309,-1.022981622,-1.059400631,-1.090514817,-1.118735027,-1.145644024,0.692666814,0.953175368,1.138648603,1.289350015,1.420205735,1.537641638,1.644784005,1.743372867,1.834523015,1.919043303
30-Apr-2020,0.176421923,0.209738788,0.26258654,0.324961573,0.390624566,0.455971953,0.518964091,0.578401045,0.633525985,0.683827072,-0.474131528,-0.725789076,-0.869999393,-0.963722179,-1.031481301,-1.084807464,-1.129546764,-1.168958838,-1.205071791,-1.239286,0.650553451,0.935527864,1.132585934,1.288683752,1.422105867,1.540779417,1.648510855,1.747359883,1.838597776,1.923113072
29-May-2020,0.18786336,0.168718993,0.199997454,0.257936417,0.327983675,0.40184212,0.474937125,0.544748883,0.609865447,0.66947756,-0.473651639,-0.731239933,-0.877540995,-0.967850513,-1.028593446,-1.073223928,-1.108862133,-1.139482252,-1.167462204,-1.194339096,0.661514999,0.899958926,1.077538449,1.22578693,1.356577121,1.475066048,1.583799259,1.684231136,1.777327651,1.863816656
30-Jun-2020,0.175613935,0.153589462,0.182090482,0.23973201,0.311429857,0.388037953,0.464357643,0.537491668,0.605823192,0.668443361,-0.461235408,-0.717294824,-0.864971536,-0.955746742,-1.015671292,-1.058635898,-1.092204103,-1.120648937,-1.146519795,-1.171440342,0.636849343,0.870884286,1.047062017,1.195478752,1.327101149,1.446673851,1.556561746,1.658140605,1.752342987,1.839883703
31-Jul-2020,0.133753063,0.106883087,0.128009245,0.175399375,0.235400792,0.300090405,0.365000915,0.42759136,0.486372713,0.540439455,-0.501876389,-0.778987559,-0.939507288,-1.041616863,-1.112658777,-1.166401225,-1.210113885,-1.247880791,-1.282180172,-1.31464415,0.635629452,0.885870646,1.067516532,1.217016238,1.348059569,1.46649163,1.5751148,1.675472151,1.768552885,1.855083605
31-Aug-2020,0.149017878,0.13008502,0.157329655,0.219151974,0.299862954,0.388134357,0.477052504,0.562675705,0.642834841,0.716372512,-0.408791364,-0.650168632,-0.796348174,-0.88461686,-0.938920393,-0.974140186,-0.99906257,-1.018811874,-1.036423246,-1.053755448,0.557809242,0.780253652,0.953677829,1.103768834,1.238783347,1.362274543,1.476115074,1.581487579,1.679258087,1.77012796
30-Sep-2020,0.134457518,0.125776611,0.15549633,0.214516741,0.289616985,0.371104554,0.453001252,0.531851297,0.605711056,0.673506023,-0.426183486,-0.674123849,-0.824291207,-0.917394383,-0.977473237,-1.018857627,-1.049867369,-1.07534874,-1.0982048,-1.120253036,0.560641004,0.799900461,0.979787536,1.131911124,1.267090222,1.389962182,1.50286862,1.607200037,1.703915856,1.793759059
30-Oct-2020,0.142183224,0.144683368,0.206351045,0.299330201,0.40515512,0.513178965,0.617707005,0.715841949,0.80619003,0.888148757,-0.386598288,-0.594523659,-0.706432702,-0.766723864,-0.799609887,-0.818532043,-0.830863262,-0.840677873,-0.85028775,-0.861059765,0.528781512,0.739207027,0.912783747,1.066054064,1.204765007,1.331711008,1.448570267,1.556519823,1.65647778,1.749208521
30-Nov-2020,0.124760241,0.134742943,0.195967843,0.285126264,0.385892383,0.488618978,0.588062279,0.681510257,0.76762619,0.8458041,-0.395231382,-0.608974681,-0.726400034,-0.792309671,-0.830698997,-0.854795762,-0.871856348,-0.885916346,-0.899295793,-0.913393879,0.519991623,0.743717624,0.922367877,1.077435935,1.21659138,1.34341474,1.459918627,1.567426603,1.666921983,1.759197979
31-Dec-2020,0.116794956,0.108579893,0.168352949,0.267122533,0.383158267,0.503288718,0.620287618,0.7304389,0.831963026,0.924114742,-0.355062207,-0.552485486,-0.659634794,-0.713760053,-0.738584641,-0.748489893,-0.751710836,-0.752857612,-0.754511602,-0.758139447,0.471857164,0.661065379,0.827987743,0.980882586,1.121742908,1.251778611,1.371998453,1.483296513,1.586474628,1.682254189
29-Jan-2021,0.099239881,0.105156361,0.193321139,0.324060712,0.471227438,0.619966223,0.762562761,0.895327022,1.016712381,1.12627403,-0.295599591,-0.450898853,-0.524284607,-0.549121806,-0.548119451,-0.53529361,-0.518614701,-0.502419955,-0.489007567,-0.479566446,0.394839472,0.556055214,0.717605745,0.873182518,1.019346888,1.155259832,1.281177462,1.397746977,1.505719949,1.605840476
26-Feb-2021,0.086771757,0.15278299,0.340238073,0.554648142,0.763199045,0.955403373,1.128818837,1.28379769,1.421553552,1.543461787,-0.289625888,-0.365625215,-0.344750758,-0.294348793,-0.239777641,-0.189903973,-0.147449694,-0.112927097,-0.086108967,-0.066567495,0.376397645,0.518408206,0.684988832,0.848996935,1.002976686,1.145307347,1.276268531,1.396724787,1.507662519,1.610029282
31-Mar-2021,0.061288083,0.151232684,0.398483235,0.67289409,0.93319532,1.168353605,1.377249488,1.561713608,1.72419456,1.867026904,-0.241391608,-0.253638926,-0.166915321,-0.060757844,0.038383296,0.123645594,0.194489578,0.25211677,0.297996482,0.333446709,0.302679691,0.40487161,0.565398556,0.733651934,0.894812024,1.044708011,1.18275991,1.309596838,1.426198078,1.533580195
30-Apr-2021,0.062654797,0.152635843,0.377987448,0.629523317,0.870686642,1.090662421,1.28757785,1.462486249,1.617228471,1.753697191,-0.241389485,-0.274150079,-0.214129157,-0.130949042,-0.049558652,0.022289289,0.082906758,0.132587244,0.172162154,0.202514509,0.304044282,0.426785922,0.592116605,0.760472359,0.920245294,1.068373131,1.204671092,1.329899005,1.445066317,1.551182682
28-May-2021,0.059546116,0.127866181,0.328984073,0.564891467,0.79835342,1.015930479,1.21357268,1.390893072,1.548859113,1.688857811,-0.223771962,-0.267520367,-0.225494698,-0.155159992,-0.080552839,-0.011174862,0.049562035,0.100752896,0.142490822,0.175231996,0.283318078,0.395386548,0.554478772,0.720051458,0.878906259,1.02710534,1.164010644,1.290140176,1.406368291,1.513625815
30-Jun-2021,0.088778609,0.243298754,0.466708791,0.683903293,0.877307828,1.04595674,1.192797075,1.32104211,1.433323969,1.531643779,-0.324997359,-0.400895504,-0.379427652,-0.338450028,-0.301062603,-0.272219862,-0.251767997,-0.238532376,-0.231436412,-0.229710071,0.413775968,0.644194258,0.846136443,1.02235332,1.178370431,1.318176602,1.444565072,1.559574486,1.664760381,1.76135385
30-Jul-2021,0.075164109,0.183081025,0.357765272,0.537098936,0.703248744,0.852526658,0.985433824,1.103438982,1.208012104,1.300392367,-0.353701449,-0.472982178,-0.493423637,-0.484491602,-0.469939113,-0.457235967,-0.448406689,-0.443792705,-0.443302237,-0.446793939,0.428865558,0.656063203,0.85118891,1.021590538,1.173187856,1.309762626,1.433840513,1.547231687,1.65131434,1.747186305
31-Aug-2021,0.078231376,0.209920765,0.411888161,0.607665617,0.780434098,0.929910543,1.059372669,1.172100094,1.270641752,1.356845823,-0.386272493,-0.495942833,-0.496832781,-0.474427201,-0.453770522,-0.440151457,-0.433428736,-0.43244534,-0.43619699,-0.444025555,0.464503869,0.705863598,0.908720942,1.082092817,1.234204621,1.370062001,1.492801406,1.604545434,1.706838742,1.800871378
30-Sep-2021,0.088766967,0.276569164,0.545006419,0.78848439,0.990408929,1.155971864,1.293269199,1.408882865,1.507440601,1.592054223,-0.404953361,-0.471322733,-0.417558289,-0.354460472,-0.308388606,-0.280385692,-0.266248348,-0.261979441,-0.264786946,-0.272938253,0.493720328,0.747891898,0.962564708,1.142944862,1.298797535,1.436357556,1.559517547,1.670862305,1.772227548,1.864992476
29-Oct-2021,0.166000387,0.47523896,0.774107984,1.007528141,1.182488774,1.315199081,1.418879569,1.502419934,1.571389825,1.629178776,-0.396604578,-0.457120005,-0.416180117,-0.376864923,-0.358845305,-0.359231014,-0.371822838,-0.391761617,-0.416006195,-0.442886079,0.562604965,0.932358965,1.190288101,1.384393064,1.541334079,1.674430094,1.790702407,1.894181551,1.98739602,2.072064855
30-Nov-2021,0.229912805,0.537304572,0.81081522,1.012678592,1.156618031,1.261038307,1.339653799,1.401238196,1.451048843,1.492122922,-0.443430442,-0.533747825,-0.523397665,-0.512390815,-0.519266372,-0.541107693,-0.572045885,-0.607627174,-0.645198664,-0.683435156,0.673343247,1.071052397,1.334212885,1.525069408,1.675884404,1.802146,1.911699683,2.00886537,2.096247507,2.175558077
31-Dec-2021,0.408485942,0.746183717,0.980314534,1.144176119,1.263467054,1.354747953,1.427943811,1.488786349,1.540506237,1.584884487,-0.296786083,-0.389157206,-0.421415336,-0.446349157,-0.474680279,-0.506350222,-0.539562888,-0.572978286,-0.605974033,-0.638463375,0.705272025,1.135340923,1.40172987,1.590525276,1.738147334,1.861098175,1.967506699,2.061764635,2.14648027,2.223347862
31-Jan-2022,0.788099031,1.172923556,1.395358373,1.533669698,1.626967762,1.695214837,1.748741059,1.792896738,1.830407345,1.862601431,-0.226582661,-0.305258813,-0.350412359,-0.391699785,-0.433357685,-0.47450931,-0.513972181,-0.551187325,-0.586179317,-0.619345424,1.014681692,1.478182369,1.745770733,1.925369483,2.060325447,2.169724146,2.26271324,2.344084063,2.416586663,2.481946855
28-Feb-2022,1.069119931,1.459271894,1.617719962,1.6935529,1.739391157,1.773976314,1.803937999,1.831437938,1.856943156,1.880277946,-0.141314191,-0.243010586,-0.348447647,-0.44162852,-0.518981721,-0.58246702,-0.635043541,-0.679400098,-0.717755767,-0.751916041,1.210434122,1.70228248,1.966167609,2.135181419,2.258372878,2.356443334,2.43898154,2.510838036,2.574698923,2.632193988
31-Mar-2022,1.722554268,2.319244543,2.465667727,2.474118276,2.446522565,2.414839645,2.387933792,2.367178027,2.351656378,2.339892363,0.080316203,0.007460684,-0.157331458,-0.320323491,-0.45622529,-0.564421503,-0.65008861,-0.718649082,-0.774566997,-0.821320363,1.642238065,2.311783858,2.622999185,2.794441767,2.902747856,2.979261148,3.038022402,3.085827109,3.126223375,3.161212726
29-Apr-2022,2.129939977,2.716570868,2.885608976,2.926032424,2.930847226,2.929024479,2.928653595,2.931133815,2.935844122,2.941670069,0.176569317,0.166533591,0.058381825,-0.054273022,-0.146038218,-0.215634984,-0.267481903,-0.306311906,-0.335999686,-0.359527265,1.953370661,2.550037277,2.827227151,2.980305446,3.076885444,3.144659463,3.196135497,3.237445721,3.271843807,3.301197333
31-May-2022,2.060445081,2.522100125,2.709784851,2.791234353,2.83047746,2.852704442,2.868031898,2.880442086,2.891310825,2.900880097,-0.024568019,-0.043426249,-0.093246754,-0.148877276,-0.199596028,-0.24270261,-0.278404439,-0.307849866,-0.332426822,-0.35350877,2.0850131,2.565526375,2.803031605,2.940111629,3.030073488,3.095407052,3.146436337,3.188291952,3.223737647,3.254388867
30-Jun-2022,2.837861829,2.982225675,2.991132317,2.985381993,2.988775879,3.002711103,3.024019172,3.049385249,3.076206793,3.102578759,0.028976046,-0.091047203,-0.195243984,-0.264123825,-0.303024159,-0.321274634,-0.326474548,-0.323931969,-0.317230671,-0.308814767,2.808885782,3.073272878,3.186376301,3.249505818,3.291800038,3.323985737,3.35049372,3.373317218,3.393437464,3.411393526
29-Jul-2022,2.947382546,2.907014849,2.822341179,2.753615806,2.709034735,2.684231458,2.673359235,2.671582309,2.675290875,2.681844674,-0.25484695,-0.447006578,-0.59149516,-0.689338718,-0.75185993,-0.790345537,-0.813124043,-0.825876903,-0.832461921,-0.83556464,3.202229496,3.354021427,3.413836339,3.442954523,3.460894666,3.474576995,3.486483278,3.497459212,3.507752796,3.517409314
31-Aug-2022,3.392940499,3.463641949,3.425329324,3.366096812,3.311731957,3.268013065,3.234640039,3.209689665,3.191008816,3.17662521,-0.205259301,-0.350769416,-0.465738227,-0.550809973,-0.611370825,-0.653582112,-0.682472579,-0.701854056,-0.714622651,-0.723029711,3.5981998,3.814411365,3.891067551,3.916906785,3.923102782,3.921595177,3.917112618,3.911543721,3.905631466,3.899654921
30-Sep-2022,4.214171329,4.28869902,4.219904035,4.129993274,4.051490766,3.989875604,3.943278605,3.908372378,3.881989536,3.86147079,-0.084765163,-0.193198743,-0.302056586,-0.383983862,-0.437896375,-0.469896872,-0.48621486,-0.491761391,-0.490201545,-0.484275046,4.298936492,4.481897763,4.52196062,4.513977136,4.489387141,4.459772476,4.429493466,4.400133769,4.372191081,4.345745836
31-Oct-2022,4.606394347,4.533012154,4.403853366,4.303060482,4.23856238,4.202253369,4.185093351,4.180095042,4.182311687,4.188300343,-0.016914239,-0.123577179,-0.220822452,-0.277181504,-0.297202408,-0.292190541,-0.271675018,-0.24233748,-0.208646447,-0.173592515,4.623308586,4.656589333,4.624675818,4.580241986,4.535764787,4.49444391,4.456768369,4.422432521,4.390958133,4.361892858
30-Nov-2022,4.666172111,4.353819108,4.103882033,3.931586804,3.819496364,3.748768472,3.705300509,3.679447704,3.664720523,3.656700298,-0.262541802,-0.484275405,-0.639947138,-0.730623488,-0.774042952,-0.786826496,-0.780767542,-0.763611258,-0.740393493,-0.714450877,4.928713913,4.838094513,4.743829171,4.662210292,4.593539316,4.535594967,4.48606805,4.443058962,4.405114017,4.371151175
30-Dec-2022,4.707691005,4.435909417,4.21998256,4.072547071,3.978032704,3.91979065,3.885371079,3.866240548,3.856633022,3.852600947,-0.228437917,-0.416075401,-0.543345893,-0.613032479,-0.641379942,-0.643199323,-0.628919116,-0.605378823,-0.577036584,-0.546861469,4.936128922,4.851984818,4.763328453,4.68557955,4.619412645,4.562989973,4.514290195,4.471619372,4.433669606,4.399462416
31-Jan-2023,4.664799814,4.207551734,3.894875467,3.700991051,3.587604984,3.525241737,3.494356219,3.482521788,3.481846827,3.487233716,-0.314731284,-0.576813876,-0.749574495,-0.841590152,-0.877816433,-0.87954698,-0.861230726,-0.832004602,-0.797570755,-0.761534562,4.979531097,4.784365611,4.644449962,4.542581203,4.465421417,4.404788717,4.355586945,4.31452639,4.279417581,4.248768279
28-Feb-2023,5.068750093,4.781693394,4.470669777,4.25063265,4.114848964,4.038392965,4.000120692,3.985332107,3.984379126,3.990998277,0.039909965,-0.184751711,-0.393162485,-0.521883492,-0.580891653,-0.592691338,-0.57573334,-0.542545374,-0.501144642,-0.456595572,5.028840128,4.966445105,4.863832262,4.772516142,4.695740617,4.631084303,4.575854032,4.527877481,4.485523768,4.44759385
31-Mar-2023,4.538221744,4.079168198,3.81310197,3.661383472,3.577070492,3.532759894,3.512374161,3.506236718,3.508307285,3.514662609,-0.390279136,-0.637337229,-0.765231096,-0.81971256,-0.831634959,-0.819635658,-0.794611546,-0.762993449,-0.728703306,-0.694240888,4.92850088,4.716505426,4.578333066,4.481096032,4.408705451,4.352395553,4.306985708,4.269230167,4.237010591,4.208903497
28-Apr-2023,4.673887776,4.075527635,3.746946654,3.571556455,3.482994818,3.443885388,3.433004019,3.438015534,3.451518682,3.468913716,-0.429620686,-0.708895428,-0.849187678,-0.902069752,-0.904716665,-0.879981014,-0.841187847,-0.796051447,-0.749112724,-0.703123583,5.103508462,4.784423063,4.596134332,4.473626206,4.387711483,4.323866402,4.274191865,4.234066982,4.200631406,4.172037299
31-May-2023,5.039985966,4.397896746,4.02355297,3.81620752,3.708322795,3.658584745,3.642491521,3.645504345,3.658849033,3.677097465,-0.38036567,-0.66212717,-0.818687936,-0.882117958,-0.88748169,-0.859775338,-0.814625544,-0.761387016,-0.705625967,-0.650694241,5.420351636,5.060023916,4.842240906,4.698325479,4.595804486,4.518360083,4.457117065,4.406891361,4.364475,4.327791707
30-Jun-2023,5.324779062,4.866908587,4.481923221,4.222058347,4.058776756,3.960165841,3.902855791,3.871371773,3.855708829,3.849361268,-0.098202194,-0.404852526,-0.635822399,-0.770331016,-0.832281329,-0.84745725,-0.834564485,-0.805758176,-0.768695916,-0.728211913,5.422981256,5.271761112,5.117745619,4.992389363,4.891058085,4.80762309,4.737420276,4.677129949,4.624404746,4.577573181
31-Jul-2023,5.285770712,4.853824491,4.50095672,4.265429089,4.121345346,4.038565188,3.994629951,3.974584552,3.96877155,3.970946496,-0.160520942,-0.397925736,-0.591209146,-0.702869109,-0.748556611,-0.750856755,-0.727190236,-0.689132622,-0.644029602,-0.596513156,5.446291654,5.251750226,5.092165866,4.968298197,4.869901957,4.789421943,4.721820187,4.663717174,4.612801152,4.567459652
31-Aug-2023,5.272832611,4.8223418,4.506255568,4.308170497,4.19173893,4.127484022,4.095503226,4.083051768,4.082020096,4.08717503,-0.227776992,-0.444632162,-0.591060451,-0.662574834,-0.680221367,-0.664336516,-0.629228338,-0.584065326,-0.534583823,-0.484394639,5.500609603,5.266973963,5.09731602,4.970745331,4.871960297,4.791820539,4.724731564,4.667117094,4.616603919,4.571569669
29-Sep-2023,5.362993997,5.014366304,4.765610905,4.627635436,4.567222696,4.554495491,4.569079959,4.598170403,4.633909263,4.671477867,0.019999751,-0.103113668,-0.191588399,-0.215220121,-0.189054728,-0.132637955,-0.060484504,0.01808595,0.097394958,0.174044397,5.342994246,5.117479972,4.957199304,4.842855557,4.756277424,4.687133446,4.629564463,4.580084453,4.536514306,4.497433469
31-Oct-2023,5.327057978,5.020507508,4.857039193,4.787789995,4.774366782,4.792006835,4.825798301,4.866925898,4.91015384,4.952324765,-0.056156871,-0.108082038,-0.113101461,-0.073317638,-0.004896897,0.078316155,0.167177034,0.256144247,0.341958518,0.422717406,5.383214849,5.128589546,4.970140654,4.861107633,4.779263679,4.71369068,4.658621268,4.610781651,4.568195322,4.529607359
30-Nov-2023,5.091951909,4.6771854,4.440017489,4.324858585,4.284004713,4.285686493,4.310467601,4.346765994,4.387683264,4.429063758,-0.139067368,-0.2681102,-0.332404816,-0.333416504,-0.292308939,-0.227698682,-0.152052762,-0.072995837,0.004958583,0.079162907,5.231019278,4.9452956,4.772422305,4.658275089,4.576313652,4.513385176,4.462520363,4.419761831,4.38272468,4.349900852
29-Dec-2023,4.712122582,4.211398894,3.973398395,3.86530457,3.823924054,3.817680765,3.830025465,3.851825456,3.877766975,3.904598968,-0.371314827,-0.567400616,-0.632832796,-0.630091717,-0.593715333,-0.541665131,-0.483318283,-0.42371649,-0.36569264,-0.310921651,5.083437409,4.77879951,4.606231191,4.495396286,4.417639387,4.359345896,4.313343748,4.275541946,4.243459616,4.215520619
31-Jan-2024,4.6801842,4.213158062,3.996414759,3.904487911,3.876553163,3.881857837,3.904215657,3.934720067,3.968236812,4.00167027,-0.327405736,-0.498417264,-0.549728565,-0.536915106,-0.492213329,-0.43289824,-0.368137749,-0.302884172,-0.239902045,-0.180797858,5.007589936,4.711575326,4.546143324,4.441403017,4.368766492,4.314756078,4.272353406,4.23760424,4.208138857,4.182468128
29-Feb-2024,4.948968231,4.595914781,4.384959795,4.27112086,4.217511188,4.19968675,4.202512617,4.216736005,4.23662725,4.258550637,-0.19589416,-0.34011768,-0.411922965,-0.426228516,-0.403958998,-0.360990636,-0.307547015,-0.249888223,-0.191830836,-0.135742196,5.144862392,4.936032461,4.79688276,4.697349376,4.621470186,4.560677386,4.510059632,4.466624228,4.428458086,4.394292833
28-Mar-2024,4.958280497,4.597815231,4.370161094,4.239967155,4.172477614,4.143277545,4.136801759,4.143357177,4.156859033,4.173402129,-0.207597709,-0.369055811,-0.458725846,-0.488021383,-0.477593571,-0.443916553,-0.397847491,-0.346136385,-0.29294976,-0.240902067,5.165878206,4.966871042,4.82888694,4.727988538,4.650071185,4.587194098,4.53464925,4.489493561,4.449808793,4.414304197
30-Apr-2024,5.173103845,4.983290881,4.830520224,4.729608595,4.669409347,4.636947032,4.622341088,4.618772925,4.621618906,4.627706027,-0.096302296,-0.185789079,-0.240481312,-0.255390904,-0.241018749,-0.208293283,-0.165169964,-0.116929529,-0.067029469,-0.017774088,5.269406141,5.16907996,5.071001535,4.984999499,4.910428097,4.845240315,4.787511052,4.735702454,4.688648375,4.645480116
31-May-2024,5.098077807,4.8239562,4.631263541,4.520288576,4.466300257,4.447969769,4.450740417,4.46530286,4.485770008,4.508376677,-0.071918519,-0.18715155,-0.257191324,-0.274430501,-0.253841334,-0.210541262,-0.155231515,-0.09475369,-0.03336291,0.026285058,5.169996326,5.011107751,4.888454865,4.794719076,4.720141591,4.658511031,4.605971932,4.56005655,4.519132918,4.482091618
28-Jun-2024,5.032402318,4.68019398,4.46249473,4.343038268,4.286166969,4.266927967,4.269514354,4.284170955,4.304845258,4.32770745,-0.171527498,-0.311135535,-0.385621953,-0.402204375,-0.38039624,-0.336412773,-0.281046587,-0.22099844,-0.160368682,-0.101692317,5.203929816,4.991329516,4.848116683,4.745242643,4.666563208,4.60334074,4.550560941,4.505169395,4.465213941,4.429399766
31-Jul-2024,4.691575278,4.258612348,4.042310903,3.947727122,3.920129793,3.928687929,3.956079112,3.992433259,4.031992602,4.071305339,-0.251357901,-0.406355342,-0.46447683,-0.458918209,-0.417306132,-0.357459727,-0.28990242,-0.220679638,-0.153264822,-0.089680141,4.942933178,4.664967691,4.506787732,4.40664533,4.337435925,4.286147656,4.245981532,4.213112897,4.185257424,4.16098548
30-Aug-2024,4.316031896,3.890948897,3.738389308,3.698584485,3.707704078,3.738422069,3.778205905,3.820847482,3.863012378,3.902767726,-0.379009507,-0.523931855,-0.53407711,-0.489733817,-0.425650572,-0.356150758,-0.287238835,-0.221558281,-0.160369496,-0.104339858,4.695041403,4.414880752,4.272466418,4.188318302,4.13335465,4.094572826,4.06544474,4.042405763,4.023381874,4.007107584
30-Sep-2024,3.94361482,3.620378444,3.536944746,3.53837043,3.570476998,3.613163964,3.658490578,3.703005427,3.744994274,3.783469837,-0.393337027,-0.509123551,-0.495087378,-0.438971681,-0.372894416,-0.307451486,-0.245870538,-0.189046104,-0.137217752,-0.090486519,4.336951847,4.129501996,4.032032124,3.977342111,3.943371414,3.92061545,3.904361117,3.892051531,3.882212026,3.873956357
31-Oct-2024,4.266578565,4.121082803,4.085349589,4.093841505,4.120751624,4.155177837,4.192084626,4.22885259,4.263928096,4.296279369,-0.184091943,-0.233509394,-0.210261609,-0.159530857,-0.099898638,-0.038717437,0.020995017,0.077851912,0.131081538,0.180158481,4.450670509,4.354592197,4.295611198,4.253372362,4.220650263,4.193895274,4.171089609,4.151000679,4.132846558,4.116120887
29-Nov-2024,4.313959199,4.155006502,4.063196895,4.02652453,4.025593237,4.045497414,4.076486808,4.112470777,4.149655738,4.185641597,-0.102627512,-0.175000341,-0.204451244,-0.195629649,-0.161749586,-0.113955274,-0.059701278,-0.003634833,0.051380523,0.103554127,4.416586711,4.330006842,4.267648139,4.222154179,4.187342823,4.159452688,4.136188086,4.11610561,4.098275215,4.08208747
31-Dec-2024,4.193075967,4.224702246,4.258690425,4.301248208,4.349654257,4.400435524,4.450982058,4.499526232,4.544880846,4.586231313,0.000596032,0.028055227,0.072299003,0.128684318,0.191497567,0.256420372,0.320669936,0.382502923,0.440794539,0.49478198,4.192479935,4.196647019,4.186391422,4.17256389,4.15815669,4.144015153,4.130312122,4.117023309,4.104086307,4.091449333
31-Jan-2025,4.200799987,4.192760207,4.230176167,4.283589417,4.34140674,4.398827812,4.453719234,4.505006568,4.552052155,4.594418348,-0.054208912,-0.030035234,0.031232267,0.104668257,0.180043161,0.253338834,0.32294756,0.388147255,0.448527957,0.50379222,4.255008899,4.222795441,4.1989439,4.17892116,4.161363579,4.145488979,4.130771674,4.116859314,4.103524197,4.090626129
28-Feb-2025,4.081371532,3.965030625,3.946343778,3.97041631,4.012997511,4.062788047,4.114226415,4.164382449,4.211589651,4.254828201,-0.138756364,-0.171649807,-0.143637214,-0.089367436,-0.025284535,0.041033175,0.106010072,0.167850082,0.225560048,0.278527403,4.220127896,4.136680432,4.089980992,4.059783746,4.038282046,4.021754872,4.008216343,3.996532367,3.986029603,3.976300798
31-Mar-2025,4.006801734,3.872796617,3.848147196,3.877628336,3.932497004,3.997767867,4.065581177,4.131745607,4.19397575,4.25099886,-0.10035771,-0.124630345,-0.095068723,-0.036176002,0.03606565,0.112510469,0.188186844,0.260421586,0.327761445,0.389399848,4.107159444,3.997426962,3.943215919,3.913804339,3.896431354,3.885257397,3.877394332,3.871324021,3.866214306,3.861599013
30-Apr-2025,3.843606818,3.585519607,3.55021849,3.609662616,3.70734289,3.817404143,3.927791854,4.032851318,4.129974541,4.218038512,-0.138382364,-0.155519585,-0.092560456,0.007283889,0.119824997,0.232944029,0.340861366,0.440954009,0.532139276,0.614078157,3.981989182,3.741039192,3.642778946,3.602378727,3.587517893,3.584460113,3.586930489,3.591897309,3.597835266,3.603960355
30-May-2025,4.101111356,3.893535339,3.837356979,3.871734875,3.95337746,4.056014459,4.164827153,4.271781311,4.372658427,4.465340856,0.016100787,0.022773683,0.062835547,0.140691597,0.241669986,0.352204562,0.46338914,0.570078071,0.669520211,0.760360949,4.085010569,3.870761657,3.774521432,3.731043278,3.711707474,3.703809897,3.701438012,3.70170324,3.703138217,3.704979907
30-Jun-2025,3.964052185,3.704562464,3.644450803,3.683899166,3.76989974,3.874666891,3.983815723,4.089977936,4.189448833,4.28044495,-0.076046913,-0.093695695,-0.049738992,0.035006436,0.139743496,0.250710622,0.360015262,0.46346146,0.558961223,0.645576614,4.040099098,3.798258159,3.694189795,3.64889273,3.630156244,3.623956269,3.623800461,3.626516476,3.63048761,3.634868336
31-Jul-2025,4.125778308,3.911069987,3.842104719,3.862769487,3.931461712,4.022438178,4.120961184,4.218911864,4.311933633,4.397762465,-0.005034049,-0.014767295,0.011671956,0.077829654,0.168712308,0.27054367,0.374240171,0.474496355,0.568416942,0.654519033,4.130812357,3.925837283,3.830432763,3.784939832,3.762749404,3.751894508,3.746721013,3.744415509,3.743516691,3.743243432
29-Aug-2025,3.819487541,3.602046643,3.54134409,3.581691486,3.676543117,3.795997985,3.922767624,4.047401087,4.164960088,4.273018104,0.043834168,0.04876444,0.079450687,0.152656131,0.254307221,0.36884666,0.48555698,0.598119263,0.703131293,0.798925488,3.775653374,3.553282202,3.461893404,3.429035354,3.422235896,3.427151326,3.437210645,3.449281824,3.461828795,3.474092616